Player,group,Mat,Inns,NO,Runs,HS,Ave,BF,value,lastValue,Hundreds,Fifties,Ducks,year,Player_mod,rank
A Flower,ZIM,5,5,0,164,76,32.8,210,78.09,78.09,0,1,0,1994,A Flower (ZIM),6
A Flower,ZIM,5,5,0,111,73,22.2,184,60.32,78.09,0,1,0,1995,A Flower (ZIM),17
A Flower,ZIM,7,7,0,419,81,59.85,482,86.92,60.32,0,5,0,1997,A Flower (ZIM),6
A Jadeja,INDIA,14,14,0,690,104,49.28,1063,64.91,64.91,1,6,1,1994,A Jadeja (INDIA),13
A Jadeja,INDIA,8,8,0,228,68,28.5,357,63.86,64.91,0,2,1,1996,A Jadeja (INDIA),24
AA Obanda,KENYA,3,3,0,102,65,34,122,83.6,83.6,0,1,0,2009,AA Obanda (KENYA),21
AA Obanda,KENYA,6,6,0,164,77,27.33,238,68.9,83.6,0,1,0,2010,AA Obanda (KENYA),40
Aamer Sohail,PAK,28,28,1,1053,134,39,1451,72.57,72.57,2,6,1,1994,Aamer Sohail (PAK),7
Aamer Sohail,PAK,16,16,0,484,85,30.25,627,77.19,72.57,0,4,2,1995,Aamer Sohail (PAK),3
Aamer Sohail,PAK,26,26,1,991,111,39.64,1499,66.11,77.19,2,6,2,1996,Aamer Sohail (PAK),21
Aamer Sohail,PAK,12,12,0,172,55,14.33,348,49.42,66.11,0,2,2,1997,Aamer Sohail (PAK),32
Aamer Sohail,PAK,5,5,0,224,91,44.8,316,70.88,49.42,0,2,0,1998,Aamer Sohail (PAK),22
AB Barath,WI,5,5,0,131,50,26.2,228,57.45,57.45,0,1,0,2010,AB Barath (WI),50
AB Barath,WI,7,7,1,180,113,30,279,64.51,57.45,1,0,2,2011,AB Barath (WI),38
AB de Villiers,SA,13,13,0,182,30,14,264,68.93,68.93,0,0,0,2005,AB de Villiers (SA),23
AB de Villiers,SA,22,21,2,769,146,40.47,807,95.29,68.93,1,6,5,2007,AB de Villiers (SA),11
AC Gilchrist,AUS,20,20,0,765,118,38.25,845,90.53,90.53,3,2,1,1998,AC Gilchrist (AUS),8
AC Gilchrist,AUS,37,37,0,1241,154,33.54,1393,89.08,90.53,2,6,2,1999,AC Gilchrist (AUS),4
AC Gilchrist,AUS,22,22,0,704,128,32,736,95.65,89.08,1,5,1,2000,AC Gilchrist (AUS),1
AC Gilchrist,AUS,17,17,1,719,98,44.93,794,90.55,95.65,0,7,0,2001,AC Gilchrist (AUS),6
AC Gilchrist,AUS,26,26,0,836,124,32.15,869,96.2,90.55,2,4,3,2002,AC Gilchrist (AUS),5
AC Gilchrist,AUS,30,30,1,1098,111,37.86,1083,101.38,96.2,1,8,0,2003,AC Gilchrist (AUS),2
AC Gilchrist,AUS,20,20,1,879,172,46.26,786,111.83,101.38,1,5,1,2004,AC Gilchrist (AUS),2
AC Gilchrist,AUS,27,27,2,892,121,35.68,860,103.72,111.83,2,3,4,2005,AC Gilchrist (AUS),4
AC Gilchrist,AUS,21,21,0,810,122,38.57,779,103.97,103.72,2,4,2,2006,AC Gilchrist (AUS),3
AC Gilchrist,AUS,30,29,2,934,149,34.59,912,102.41,103.97,1,7,2,2007,AC Gilchrist (AUS),6
AC Gilchrist,AUS,10,10,0,322,118,32.2,328,98.17,102.41,1,2,1,2008,AC Gilchrist (AUS),9
AC Hudson,SA,15,15,0,480,84,32,806,59.55,59.55,0,4,0,1994,AC Hudson (SA),17
AC Hudson,SA,24,24,1,950,161,41.3,1175,80.85,59.55,1,7,2,1996,AC Hudson (SA),12
AC Hudson,SA,10,10,0,97,26,9.7,199,48.74,80.85,0,0,1,1997,AC Hudson (SA),33
AC Waller,ZIM,5,5,0,170,67,34,254,66.92,66.92,0,1,0,1996,AC Waller (ZIM),20
AC Waller,ZIM,8,8,0,105,52,13.12,198,53.03,66.92,0,1,2,1997,AC Waller (ZIM),28
AD Brown,ENG,3,3,0,155,118,51.66,191,81.15,81.15,1,0,1,1996,AD Brown (ENG),11
AD Brown,ENG,5,5,0,90,59,18,79,113.92,81.15,0,1,1,1998,AD Brown (ENG),1
ADR Campbell,ZIM,14,14,0,494,102,35.28,662,74.62,74.62,2,3,0,1998,ADR Campbell (ZIM),16
ADR Campbell,ZIM,7,7,1,218,56,36.33,377,57.82,74.62,0,1,0,1999,ADR Campbell (ZIM),31
ADR Campbell,ZIM,15,15,2,630,105,48.46,846,74.46,57.82,1,3,0,2000,ADR Campbell (ZIM),15
ADR Campbell,ZIM,26,26,0,837,124,32.19,1227,68.21,74.46,3,3,2,2001,ADR Campbell (ZIM),26
ADR Campbell,ZIM,12,12,0,375,84,31.25,597,62.81,68.21,0,4,0,2002,ADR Campbell (ZIM),33
ADS Fletcher,WI,6,6,0,140,54,23.33,165,84.84,84.84,0,2,1,2009,ADS Fletcher (WI),19
Ahmed Shehzad,PAK,4,4,0,106,43,26.5,201,52.73,52.73,0,0,0,2009,Ahmed Shehzad (PAK),51
Ahmed Shehzad,PAK,14,14,1,362,115,27.84,472,76.69,52.73,2,0,2,2011,Ahmed Shehzad (PAK),26
AJ Burger,NAM,4,4,0,159,85,39.75,162,98.14,98.14,0,1,0,2003,AJ Burger (NAM),3
AJ Hall,SA,15,15,0,350,81,23.33,511,68.49,68.49,0,1,1,2000,AJ Hall (SA),19
AJ Redmond,NZ,5,5,0,136,52,27.2,229,59.38,59.38,0,1,0,2009,AJ Redmond (NZ),49
AJ Stewart,ENG,9,9,0,260,66,28.88,386,67.35,67.35,0,2,0,1994,AJ Stewart (ENG),10
AJ Stewart,ENG,10,10,0,303,64,30.3,428,70.79,67.35,0,1,0,1996,AJ Stewart (ENG),17
AJ Stewart,ENG,9,9,0,434,116,48.22,511,84.93,70.79,1,2,0,1997,AJ Stewart (ENG),8
AJ Stewart,ENG,6,6,0,150,74,25,242,61.98,84.93,0,1,0,1998,AJ Stewart (ENG),29
AJ Stewart,ENG,20,20,0,365,88,18.25,577,63.25,61.98,0,1,3,1999,AJ Stewart (ENG),24
AJ Stewart,ENG,12,12,3,553,101,61.44,817,67.68,63.25,2,3,1,2000,AJ Stewart (ENG),20
AJ Stewart,ENG,4,4,0,112,55,28,193,58.03,67.68,0,1,0,2001,AJ Stewart (ENG),33
AJ Strauss,ENG,10,10,1,466,152,51.77,530,87.92,87.92,1,2,0,2005,AJ Strauss (ENG),8
AJ Strauss,ENG,17,17,1,517,78,32.31,685,75.47,87.92,0,6,2,2006,AJ Strauss (ENG),19
AJ Strauss,ENG,6,6,0,101,28,16.83,192,52.6,75.47,0,0,0,2007,AJ Strauss (ENG),54
AJ Strauss,ENG,21,21,1,647,105,32.35,828,78.14,52.6,1,4,2,2009,AJ Strauss (ENG),28
AJ Strauss,ENG,14,14,0,806,154,57.57,840,95.95,78.14,2,6,0,2010,AJ Strauss (ENG),10
AJ Strauss,ENG,14,14,0,513,158,36.64,574,89.37,95.95,1,3,2,2011,AJ Strauss (ENG),13
Al Sahariar,BDESH,5,5,0,94,59,18.8,177,53.1,53.1,0,1,1,2001,Al Sahariar (BDESH),34
Al Sahariar,BDESH,7,7,0,60,25,8.57,94,63.82,53.1,0,0,3,2002,Al Sahariar (BDESH),32
Al Sahariar,BDESH,6,6,0,46,14,7.66,86,53.48,63.82,0,0,1,2003,Al Sahariar (BDESH),32
AM Bacher,SA,7,7,0,123,45,17.57,243,50.61,50.61,0,0,0,1997,AM Bacher (SA),31
AM Rahane,INDIA,11,11,0,340,91,30.9,453,75.05,75.05,0,2,2,2011,AM Rahane (INDIA),31
AM Samad,CAN,9,9,1,262,83,32.75,354,74.01,74.01,0,2,1,2007,AM Samad (CAN),27
AM Samad,CAN,3,3,0,169,130,56.33,188,89.89,74.01,1,0,0,2008,AM Samad (CAN),16
AN Cook,ENG,14,14,0,403,102,28.78,608,66.28,66.28,1,1,3,2007,AN Cook (ENG),40
AN Cook,ENG,7,7,0,219,69,31.28,330,66.36,66.28,0,2,0,2008,AN Cook (ENG),33
AN Cook,ENG,3,3,0,156,64,52,172,90.69,66.36,0,2,0,2010,AN Cook (ENG),13
AN Cook,ENG,15,15,2,600,119,46.15,644,93.16,90.69,1,5,1,2011,AN Cook (ENG),9
AN Cook,ENG,15,15,1,663,137,47.35,829,79.97,93.16,3,3,2,2012,AN Cook (ENG),16
AN Kervezee,NL,6,5,1,168,62,42,236,71.18,71.18,0,1,0,2007,AN Kervezee (NL),30
AN Kervezee,NL,6,6,0,164,75,27.33,254,64.56,71.18,0,1,0,2009,AN Kervezee (NL),47
AN Kervezee,NL,6,6,0,159,92,26.5,198,80.3,64.56,0,1,0,2010,AN Kervezee (NL),27
Anamul Haque,BDESH,5,5,0,195,120,39,274,71.16,71.16,1,0,1,2012,Anamul Haque (BDESH),22
AP Gurusinha,SL,5,5,0,163,108,32.6,230,70.86,70.86,1,0,1,1995,AP Gurusinha (SL),7
Athar Ali Khan,BDESH,7,7,0,259,82,37,413,62.71,62.71,0,2,1,1997,Athar Ali Khan (BDESH),24
Azhar Ali,PAK,5,5,1,245,96,61.25,350,70,70,0,3,0,2012,Azhar Ali (PAK),23
B Zuiderent,NL,7,7,1,161,63,26.83,268,60.07,60.07,0,1,0,2006,B Zuiderent (NL),40
B Zuiderent,NL,8,8,2,254,77,42.33,428,59.34,60.07,0,2,0,2007,B Zuiderent (NL),49
BA Parchment,WI,5,5,0,82,48,16.4,153,53.59,53.59,0,0,0,2008,BA Parchment (WI),45
BA Young,NZ,27,27,2,606,65,24.24,1118,54.2,54.2,0,2,2,1994,BA Young (NZ),22
BA Young,NZ,8,8,0,126,42,15.75,215,58.6,54.2,0,0,0,1995,BA Young (NZ),19
BA Young,NZ,5,5,0,102,58,20.4,157,64.96,58.6,0,1,0,1996,BA Young (NZ),22
BA Young,NZ,10,10,0,261,59,26.1,377,69.23,64.96,0,2,0,1997,BA Young (NZ),19
BA Young,NZ,6,6,0,163,55,27.16,254,64.17,69.23,0,1,0,1998,BA Young (NZ),26
BA Young,NZ,4,4,1,113,57,37.66,124,91.12,64.17,0,2,1,1999,BA Young (NZ),3
BB McCullum,NZ,14,13,1,443,96,36.91,443,100,100,0,3,1,2007,BB McCullum (NZ),8
BB McCullum,NZ,16,15,2,618,166,47.53,561,110.16,100,1,4,0,2008,BB McCullum (NZ),4
BB McCullum,NZ,23,22,0,714,131,32.45,908,78.63,110.16,1,3,3,2009,BB McCullum (NZ),26
BB McCullum,NZ,15,15,0,324,61,21.6,332,97.59,78.63,0,2,3,2010,BB McCullum (NZ),7
BB McCullum,NZ,9,9,2,268,101,38.28,290,92.41,97.59,1,1,0,2011,BB McCullum (NZ),10
BC Lara,WI,4,4,0,127,117,31.75,82,154.87,154.87,1,0,1,1999,BC Lara (WI),1
BG Rogers,ZIM,3,3,0,131,54,43.66,181,72.37,72.37,0,2,0,2004,BG Rogers (ZIM),16
BG Rogers,ZIM,8,8,0,300,84,37.5,449,66.81,72.37,0,3,0,2005,BG Rogers (ZIM),25
BJ Haddin,AUS,13,13,1,559,109,46.58,621,90.01,90.01,1,4,1,2009,BJ Haddin (AUS),13
BJ Haddin,AUS,11,11,0,344,110,31.27,404,85.14,90.01,1,1,1,2010,BJ Haddin (AUS),19
BJ Haddin,AUS,19,18,0,576,88,32,761,75.68,85.14,0,5,0,2011,BJ Haddin (AUS),30
BJ Watling,NZ,3,2,1,111,96,111,114,97.36,97.36,0,1,0,2012,BJ Watling (NZ),3
BR Hartland,NZ,12,12,1,217,68,19.72,425,51.05,51.05,0,1,1,1994,BR Hartland (NZ),25
BRM Taylor,ZIM,17,17,0,402,74,23.64,748,53.74,53.74,0,4,1,2004,BRM Taylor (ZIM),34
BRM Taylor,ZIM,15,15,2,648,145,49.84,787,82.33,53.74,2,3,1,2010,BRM Taylor (ZIM),22
BRM Taylor,ZIM,11,11,0,293,106,26.63,385,76.1,82.33,1,1,2,2011,BRM Taylor (ZIM),28
C Kieswetter,ENG,12,12,0,320,107,26.66,373,85.79,85.79,1,1,2,2010,C Kieswetter (ENG),17
C Kieswetter,ENG,16,16,1,489,72,32.6,486,100.61,85.79,0,4,1,2011,C Kieswetter (ENG),4
CB Lambert,WI,6,6,0,236,119,39.33,249,94.77,94.77,1,1,0,1998,CB Lambert (WI),5
CB Wishart,ZIM,8,8,0,259,102,32.37,352,73.57,73.57,1,0,2,1998,CB Wishart (ZIM),20
CB Wishart,ZIM,6,6,0,73,45,12.16,169,43.19,73.57,0,0,0,2000,CB Wishart (ZIM),33
CB Wishart,ZIM,12,11,1,330,172,33,427,77.28,43.19,1,0,1,2003,CB Wishart (ZIM),15
CD Cumming,NZ,5,5,0,58,25,11.6,115,50.43,50.43,0,0,1,2003,CD Cumming (NZ),37
CD Cumming,NZ,5,5,1,80,45,20,134,59.7,50.43,0,0,1,2004,CD Cumming (NZ),30
CD McMillan,NZ,5,5,0,122,75,24.4,146,83.56,83.56,0,1,1,2003,CD McMillan (NZ),9
CH Gayle,WI,19,19,0,722,152,38,908,79.51,79.51,1,6,2,2001,CH Gayle (WI),14
CH Gayle,WI,23,22,0,1097,140,49.86,1238,88.61,79.51,3,7,0,2002,CH Gayle (WI),10
CH Gayle,WI,21,21,2,981,153,51.63,1257,78.04,88.61,3,6,2,2003,CH Gayle (WI),14
CH Gayle,WI,23,22,3,722,152,38,1015,71.13,78.04,2,2,1,2004,CH Gayle (WI),17
CH Gayle,WI,17,17,0,563,132,33.11,635,88.66,71.13,2,2,3,2005,CH Gayle (WI),7
CH Gayle,WI,31,31,3,1216,133,43.42,1445,84.15,88.66,4,4,5,2006,CH Gayle (WI),11
CH Gayle,WI,21,20,3,611,85,35.94,741,82.45,84.15,0,6,1,2007,CH Gayle (WI),16
CH Gayle,WI,13,13,1,632,122,52.66,693,91.19,82.45,3,3,1,2008,CH Gayle (WI),12
CH Gayle,WI,15,15,1,553,135,39.5,470,117.65,91.19,1,2,2,2009,CH Gayle (WI),3
CH Gayle,WI,15,15,1,456,88,32.57,470,97.02,117.65,0,3,1,2010,CH Gayle (WI),8
CH Gayle,WI,8,8,1,202,80,28.85,221,91.4,97.02,0,1,1,2011,CH Gayle (WI),11
CH Gayle,WI,11,11,1,345,125,34.5,384,89.84,91.4,1,2,0,2012,CH Gayle (WI),6
CJ Chibhabha,ZIM,5,5,0,26,16,5.2,53,49.05,49.05,0,0,0,2006,CJ Chibhabha (ZIM),47
CJ Nevin,NZ,8,7,0,167,74,23.85,211,79.14,79.14,0,2,1,2000,CJ Nevin (NZ),10
CJ Nevin,NZ,4,4,0,113,50,28.25,110,102.72,79.14,0,1,1,2001,CJ Nevin (NZ),3
CJ Nevin,NZ,9,9,0,230,55,25.55,286,80.41,102.72,0,1,0,2002,CJ Nevin (NZ),17
CJ Nevin,NZ,10,10,0,125,29,12.5,236,52.96,80.41,0,0,2,2003,CJ Nevin (NZ),33
CJ Smith,BMUDA,7,7,0,99,52,14.14,129,76.74,76.74,0,1,2,2007,CJ Smith (BMUDA),24
CM Spearman,NZ,20,20,0,391,78,19.55,470,83.19,83.19,0,2,2,1996,CM Spearman (NZ),8
CM Spearman,NZ,5,5,0,143,68,28.6,168,85.11,83.19,0,1,0,1999,CM Spearman (NZ),6
CM Spearman,NZ,11,10,0,98,42,9.8,151,64.9,85.11,0,0,3,2000,CM Spearman (NZ),25
CR Foggo,BMUDA,4,4,0,106,60,26.5,174,60.91,60.91,0,1,0,2008,CR Foggo (BMUDA),40
D Ganga,WI,19,19,0,592,71,31.15,986,60.04,60.04,0,8,2,2001,D Ganga (WI),32
D Ganga,WI,5,5,0,111,54,22.2,193,57.51,60.04,0,1,0,2006,D Ganga (WI),41
D Mongia,INDIA,9,9,2,289,159,41.28,333,86.78,86.78,1,0,1,2002,D Mongia (INDIA),12
DA Gunawardene,SL,5,5,0,65,52,13,77,84.41,84.41,0,1,2,1998,DA Gunawardene (SL),11
DA Gunawardene,SL,7,7,0,186,75,26.57,244,76.22,84.41,0,1,0,1999,DA Gunawardene (SL),12
DA Gunawardene,SL,9,9,0,376,132,41.77,407,92.38,76.22,1,1,2,2000,DA Gunawardene (SL),2
DA Gunawardene,SL,15,15,0,474,90,31.6,692,68.49,92.38,0,4,0,2001,DA Gunawardene (SL),24
DA Gunawardene,SL,13,13,1,293,64,24.41,487,60.16,68.49,0,3,1,2004,DA Gunawardene (SL),29
DA Marillier,ZIM,7,7,0,103,46,14.71,190,54.21,54.21,0,0,0,2000,DA Marillier (ZIM),31
DA Marillier,ZIM,9,8,0,231,100,28.87,327,70.64,54.21,1,1,1,2003,DA Marillier (ZIM),23
DA Minors,BMUDA,6,6,0,168,68,28,260,64.61,64.61,0,1,1,2006,DA Minors (BMUDA),35
DA Minors,BMUDA,6,6,0,156,52,26,276,56.52,64.61,0,2,0,2007,DA Minors (BMUDA),51
DA Warner,AUS,7,7,0,106,69,15.14,137,77.37,77.37,0,1,1,2009,DA Warner (AUS),29
DA Warner,AUS,3,3,0,104,74,34.66,132,78.78,77.37,0,1,0,2011,DA Warner (AUS),22
DA Warner,AUS,25,24,0,840,163,35,1014,82.84,78.78,2,3,0,2012,DA Warner (AUS),11
DC Boon,AUS,14,14,0,536,76,38.28,934,57.38,57.38,0,5,0,1994,DC Boon (AUS),20
DD Ebrahim,ZIM,11,11,0,326,121,29.63,525,62.09,62.09,1,1,3,2001,DD Ebrahim (ZIM),31
DD Ebrahim,ZIM,9,9,0,149,42,16.55,297,50.16,62.09,0,0,1,2002,DD Ebrahim (ZIM),36
DD Ebrahim,ZIM,8,6,0,95,40,15.83,203,46.79,50.16,0,0,1,2003,DD Ebrahim (ZIM),39
DF Watts,SCOT,14,14,0,379,70,27.07,638,59.4,59.4,0,4,0,2007,DF Watts (SCOT),48
DF Watts,SCOT,4,4,0,128,101,32,152,84.21,59.4,1,0,1,2009,DF Watts (SCOT),20
DF Watts,SCOT,4,4,1,254,98,84.66,391,64.96,84.21,0,3,0,2010,DF Watts (SCOT),47
DJ Callaghan,SA,3,3,1,187,169,93.5,193,96.89,96.89,1,0,0,1994,DJ Callaghan (SA),1
DJ Cullinan,SA,5,5,0,149,69,29.8,164,90.85,90.85,0,1,0,1998,DJ Cullinan (SA),7
DJ Reekers,NL,4,4,0,118,45,29.5,91,129.67,129.67,0,0,0,2006,DJ Reekers (NL),1
DJ Reekers,NL,9,9,0,269,104,29.88,219,122.83,129.67,1,0,1,2007,DJ Reekers (NL),1
DL Haynes,WI,4,4,0,268,115,67,328,81.7,81.7,1,2,0,1994,DL Haynes (WI),3
DL Hemp,BMUDA,2,2,1,183,102,183,253,72.33,72.33,1,1,0,2009,DL Hemp (BMUDA),37
DM Richards,WI,4,4,0,157,59,39.25,207,75.84,75.84,0,2,0,2010,DM Richards (WI),31
DN Chudasama,KENYA,9,8,0,183,51,22.87,336,54.46,54.46,0,1,1,1996,DN Chudasama (KENYA),31
DN Chudasama,KENYA,6,6,0,170,122,28.33,204,83.33,54.46,1,0,0,1997,DN Chudasama (KENYA),10
DO Obuya,KENYA,8,8,0,142,44,17.75,265,53.58,53.58,0,0,0,2006,DO Obuya (KENYA),43
DO Obuya,KENYA,16,16,1,434,93,28.93,543,79.92,53.58,0,3,2,2007,DO Obuya (KENYA),17
DO Obuya,KENYA,10,9,0,257,56,28.55,299,85.95,79.92,0,1,1,2009,DO Obuya (KENYA),16
DO Obuya,KENYA,5,5,0,91,32,18.2,134,67.91,85.95,0,0,1,2010,DO Obuya (KENYA),42
DPMD Jayawardene,SL,2,2,0,142,123,71,127,111.81,111.81,1,0,0,2009,DPMD Jayawardene (SL),4
DPMD Jayawardene,SL,3,3,0,180,108,60,219,82.19,111.81,1,0,0,2010,DPMD Jayawardene (SL),23
DPMD Jayawardene,SL,5,4,0,296,144,74,303,97.68,82.19,1,2,0,2011,DPMD Jayawardene (SL),5
DPMD Jayawardene,SL,12,12,1,425,85,38.63,465,91.39,97.68,0,4,0,2012,DPMD Jayawardene (SL),4
DR Martyn,AUS,1,1,1,116,116,-,135,85.92,85.92,1,0,0,2000,DR Martyn (AUS),5
DR Martyn,AUS,3,3,2,232,144,232,246,94.3,85.92,1,1,0,2001,DR Martyn (AUS),4
DS Lehmann,AUS,2,2,2,142,92,-,162,87.65,87.65,0,2,0,2001,DS Lehmann (AUS),8
DS Lehmann,AUS,1,1,0,119,119,119,119,100,87.65,1,0,0,2002,DS Lehmann (AUS),4
DS Smith,WI,12,12,1,202,61,18.36,308,65.58,65.58,0,1,1,2007,DS Smith (WI),42
DS Smith,WI,3,3,0,110,91,36.66,125,88,65.58,0,1,0,2008,DS Smith (WI),18
DS Smith,WI,10,10,0,333,107,33.3,446,74.66,88,1,2,1,2011,DS Smith (WI),32
EC Joyce,ENG,10,10,0,372,107,37.2,530,70.18,70.18,1,3,1,2007,EC Joyce (ENG),31
EC Joyce,IRE,5,5,0,130,88,26,197,65.98,70.18,0,1,0,2011,EC Joyce (IRE),36
ES Szwarczynski,NL,12,12,1,255,84,23.18,345,73.91,73.91,0,2,0,2010,ES Szwarczynski (NL),35
ES Szwarczynski,NL,5,5,0,77,28,15.4,146,52.73,73.91,0,0,0,2011,ES Szwarczynski (NL),43
Faisal Iqbal,PAK,2,2,1,125,100,125,130,96.15,96.15,1,0,0,2002,Faisal Iqbal (PAK),6
G Gambhir,INDIA,5,5,0,113,71,22.6,185,61.08,61.08,0,1,0,2003,G Gambhir (INDIA),27
G Gambhir,INDIA,5,5,0,180,103,36,200,90,61.08,1,0,1,2005,G Gambhir (INDIA),5
G Gambhir,INDIA,5,5,0,115,38,23,150,76.66,90,0,0,0,2006,G Gambhir (INDIA),18
G Gambhir,INDIA,10,10,2,307,101,38.37,386,79.53,76.66,1,2,1,2007,G Gambhir (INDIA),18
G Gambhir,INDIA,18,18,1,688,107,40.47,743,92.59,79.53,1,6,1,2008,G Gambhir (INDIA),10
G Gambhir,INDIA,13,10,1,413,150,45.88,418,98.8,92.59,1,3,1,2009,G Gambhir (INDIA),8
G Gambhir,INDIA,14,14,2,670,138,55.83,713,93.96,98.8,2,3,2,2010,G Gambhir (INDIA),12
G Gambhir,INDIA,4,4,0,158,67,39.5,180,87.77,93.96,0,1,0,2011,G Gambhir (INDIA),16
G Gambhir,INDIA,13,13,0,570,102,43.84,690,82.6,87.77,2,4,2,2012,G Gambhir (INDIA),14
G Kirsten,SA,18,18,1,566,112,33.29,953,59.39,59.39,1,3,0,1994,G Kirsten (SA),18
G Kirsten,SA,5,5,0,288,87,57.6,433,66.51,59.39,0,3,0,1995,G Kirsten (SA),10
G Kirsten,SA,27,27,4,1423,188,61.86,1692,84.1,66.51,6,4,1,1996,G Kirsten (SA),6
G Kirsten,SA,16,16,1,593,89,39.53,881,67.3,84.1,0,7,1,1997,G Kirsten (SA),22
G Kirsten,SA,18,18,1,561,103,33,739,75.91,67.3,1,3,3,1998,G Kirsten (SA),15
G Kirsten,SA,20,20,2,465,82,25.83,780,59.61,75.91,0,3,2,1999,G Kirsten (SA),29
G Kirsten,SA,36,36,3,1467,115,44.45,2004,73.2,59.61,2,13,1,2000,G Kirsten (SA),17
G Kirsten,SA,13,13,1,638,133,53.16,798,79.94,73.2,2,4,0,2001,G Kirsten (SA),13
G Kirsten,SA,17,17,1,462,102,28.87,682,67.74,79.94,1,2,2,2002,G Kirsten (SA),27
G Kirsten,SA,3,3,2,173,69,173,187,92.51,67.74,0,3,0,2003,G Kirsten (SA),4
GC Smith,SA,18,18,1,728,99,42.82,979,74.36,74.36,0,5,0,2002,GC Smith (SA),20
GC Smith,SA,19,18,0,600,71,33.33,779,77.02,74.36,0,6,0,2003,GC Smith (SA),16
GC Smith,SA,18,18,1,652,80,38.35,899,72.52,77.02,0,4,0,2004,GC Smith (SA),15
GC Smith,SA,22,22,2,984,134,49.2,1138,86.46,72.52,5,2,1,2005,GC Smith (SA),10
GC Smith,SA,21,21,1,561,119,28.05,658,85.25,86.46,1,3,4,2006,GC Smith (SA),10
GC Smith,SA,26,25,2,1079,96,46.91,1171,92.14,85.25,0,12,3,2007,GC Smith (SA),13
GC Smith,SA,11,11,2,492,103,54.66,578,85.12,92.14,1,5,0,2008,GC Smith (SA),20
GC Smith,SA,13,13,0,502,141,38.61,521,96.35,85.12,1,4,0,2009,GC Smith (SA),11
GC Smith,SA,11,11,1,328,92,32.8,384,85.41,96.35,0,1,0,2010,GC Smith (SA),18
GC Smith,SA,15,15,0,419,77,27.93,643,65.16,85.41,0,2,0,2011,GC Smith (SA),37
GC Smith,SA,11,10,0,338,125,33.8,466,72.53,65.16,1,2,0,2012,GC Smith (SA),21
GC Wilson,IRE,6,6,0,119,51,19.83,185,64.32,64.32,0,1,1,2008,GC Wilson (IRE),36
GC Wilson,IRE,7,7,1,137,51,22.83,201,68.15,64.32,0,1,1,2009,GC Wilson (IRE),43
GC Wilson,IRE,2,2,1,161,113,161,200,80.5,68.15,1,0,0,2010,GC Wilson (IRE),26
GEF Barnett,CAN,6,6,0,173,77,28.83,281,61.56,61.56,0,1,0,2007,GEF Barnett (CAN),45
GJ Whittall,ZIM,6,6,0,130,83,21.66,201,64.67,64.67,0,1,1,2000,GJ Whittall (ZIM),26
GJ Whittall,ZIM,11,11,0,220,36,20,441,49.88,64.67,0,0,0,2001,GJ Whittall (ZIM),36
GK Khoda,INDIA,2,2,0,115,89,57.5,185,62.16,62.16,0,1,0,1998,GK Khoda (INDIA),28
GM Hamilton,SCOT,6,6,0,233,115,38.83,369,63.14,63.14,1,1,0,2008,GM Hamilton (SCOT),38
GM Hamilton,SCOT,7,7,0,268,119,38.28,409,65.52,63.14,1,1,0,2009,GM Hamilton (SCOT),44
GO Jones,ENG,7,7,0,139,39,19.85,209,66.5,66.5,0,0,0,2005,GO Jones (ENG),26
GS Blewett,AUS,5,5,0,118,53,23.6,197,59.89,59.89,0,1,0,1997,GS Blewett (AUS),25
GW Flower,ZIM,6,6,1,133,84,26.6,246,54.06,54.06,0,1,2,1994,GW Flower (ZIM),23
GW Flower,ZIM,6,6,0,138,41,23,312,44.23,54.06,0,0,0,1995,GW Flower (ZIM),22
GW Flower,ZIM,15,15,1,446,91,31.85,733,60.84,44.23,0,2,1,1996,GW Flower (ZIM),25
GW Flower,ZIM,22,22,1,843,90,40.14,1165,72.36,60.84,0,9,1,1997,GW Flower (ZIM),15
GW Flower,ZIM,23,23,1,928,112,42.18,1317,70.46,72.36,2,6,1,1998,GW Flower (ZIM),24
GW Flower,ZIM,24,24,0,746,140,31.08,1063,70.17,70.46,1,2,2,1999,GW Flower (ZIM),18
GW Flower,ZIM,9,9,0,140,36,15.55,258,54.26,70.17,0,0,2,2000,GW Flower (ZIM),30
GW Flower,ZIM,14,14,0,480,104,34.28,655,73.28,54.26,1,2,1,2001,GW Flower (ZIM),19
GW Flower,ZIM,6,5,0,201,94,40.2,276,72.82,73.28,0,2,0,2004,GW Flower (ZIM),14
H Masakadza,ZIM,4,4,0,165,80,41.25,221,74.66,74.66,0,1,0,2007,H Masakadza (ZIM),26
H Masakadza,ZIM,12,12,0,324,87,27,410,79.02,74.66,0,3,0,2008,H Masakadza (ZIM),25
H Masakadza,ZIM,25,25,2,974,178,42.34,1084,89.85,79.02,2,5,2,2009,H Masakadza (ZIM),14
H Masakadza,ZIM,16,16,0,320,66,20,452,70.79,89.85,0,2,4,2010,H Masakadza (ZIM),39
H Patel,CAN,8,8,0,139,43,17.37,187,74.33,74.33,0,0,1,2010,H Patel (CAN),32
H Patel,CAN,6,6,0,232,62,38.66,245,94.69,74.33,0,2,0,2011,H Patel (CAN),7
Hannan Sarkar,BDESH,12,12,0,242,61,20.16,445,54.38,54.38,0,2,2,2003,Hannan Sarkar (BDESH),31
Hannan Sarkar,BDESH,4,4,0,113,59,28.25,195,57.94,54.38,0,1,0,2004,Hannan Sarkar (BDESH),33
HH Dippenaar,SA,8,8,1,372,81,53.14,571,65.14,65.14,0,4,0,2001,HH Dippenaar (SA),27
HH Dippenaar,SA,3,3,1,242,110,121,332,72.89,65.14,1,2,0,2003,HH Dippenaar (SA),19
HH Dippenaar,SA,9,9,2,371,123,53,428,86.68,72.89,1,3,0,2005,HH Dippenaar (SA),9
HH Dippenaar,SA,18,18,2,651,125,40.68,977,66.63,86.68,2,3,1,2006,HH Dippenaar (SA),32
HH Gibbs,SA,8,8,0,149,33,18.62,208,71.63,71.63,0,0,1,1997,HH Gibbs (SA),16
HH Gibbs,SA,22,22,2,805,125,40.25,1091,73.78,71.63,2,4,1,1999,HH Gibbs (SA),16
HH Gibbs,SA,19,19,2,572,111,33.64,724,79,73.78,1,4,2,2000,HH Gibbs (SA),11
HH Gibbs,SA,21,21,0,846,125,40.28,975,86.76,79,3,3,0,2001,HH Gibbs (SA),9
HH Gibbs,SA,37,37,3,1310,153,38.52,1483,88.33,86.76,5,3,8,2002,HH Gibbs (SA),11
HH Gibbs,SA,21,20,3,693,143,40.76,797,86.95,88.33,1,4,1,2003,HH Gibbs (SA),6
HH Gibbs,SA,18,18,1,398,101,23.41,564,70.56,86.95,1,1,2,2004,HH Gibbs (SA),19
HH Gibbs,SA,8,8,0,444,119,55.5,454,97.79,70.56,3,1,2,2007,HH Gibbs (SA),9
HH Gibbs,SA,14,14,0,413,102,29.5,488,84.63,97.79,1,2,0,2008,HH Gibbs (SA),21
HH Gibbs,SA,10,10,0,392,110,39.2,458,85.58,84.63,1,2,0,2009,HH Gibbs (SA),18
HM Amla,SA,7,7,1,343,140,57.16,348,98.56,98.56,1,1,0,2008,HM Amla (SA),8
HM Amla,SA,12,12,1,480,97,43.63,632,75.94,98.56,0,5,0,2009,HM Amla (SA),32
HM Amla,SA,15,15,1,1058,129,75.57,1015,104.23,75.94,5,4,0,2010,HM Amla (SA),4
HM Amla,SA,15,15,1,632,116,45.14,718,88.02,104.23,2,5,1,2011,HM Amla (SA),15
HM Amla,SA,10,9,1,678,150,84.75,747,90.76,88.02,2,4,0,2012,HM Amla (SA),5
HP Rinke,ZIM,12,12,0,277,72,23.08,306,90.52,90.52,0,3,2,2006,HP Rinke (ZIM),5
I Maraj,CAN,5,5,1,98,53,24.5,263,37.26,37.26,0,1,1,2003,I Maraj (CAN),42
Ijaz Ahmed,PAK,2,2,1,199,139,199,126,157.93,157.93,1,1,0,1997,Ijaz Ahmed (PAK),1
IJL Trott,ENG,2,2,1,139,87,139,196,70.91,70.91,0,2,0,2009,IJL Trott (ENG),39
Imran Farhat,PAK,5,5,0,348,107,69.6,430,80.93,80.93,1,3,1,2003,Imran Farhat (PAK),10
Imran Farhat,PAK,12,12,1,290,87,26.36,442,65.61,80.93,0,1,1,2004,Imran Farhat (PAK),25
Imran Farhat,PAK,11,11,0,274,58,24.9,409,66.99,65.61,0,2,0,2006,Imran Farhat (PAK),30
Imran Farhat,PAK,4,4,0,140,66,35,212,66.03,66.99,0,1,0,2010,Imran Farhat (PAK),46
Imran Farhat,PAK,9,9,1,261,75,32.62,354,73.72,66.03,0,3,1,2011,Imran Farhat (PAK),34
Imran Farhat,PAK,5,5,0,174,56,34.8,227,76.65,73.72,0,2,0,2012,Imran Farhat (PAK),18
Imran Nazir,PAK,27,27,1,701,105,26.96,975,71.89,71.89,1,4,5,2000,Imran Nazir (PAK),18
Imran Nazir,PAK,6,6,0,81,35,13.5,104,77.88,71.89,0,0,1,2001,Imran Nazir (PAK),15
Imran Nazir,PAK,18,18,1,483,66,28.41,573,84.29,77.88,0,4,2,2002,Imran Nazir (PAK),13
Imran Nazir,PAK,13,13,0,392,160,30.15,374,104.81,84.29,1,1,1,2007,Imran Nazir (PAK),5
Imran Nazir,PAK,5,5,0,111,35,22.2,115,96.52,104.81,0,0,0,2009,Imran Nazir (PAK),10
Imrul Kayes,BDESH,27,27,0,867,101,32.11,1291,67.15,67.15,1,6,0,2010,Imrul Kayes (BDESH),43
Imrul Kayes,BDESH,17,17,1,379,93,23.68,598,63.37,67.15,0,3,1,2011,Imrul Kayes (BDESH),40
Inzamam-ul-Haq,PAK,4,4,0,125,64,31.25,241,51.86,51.86,0,1,0,1997,Inzamam-ul-Haq (PAK),29
IR Bell,ENG,4,4,0,163,75,40.75,239,68.2,68.2,0,2,0,2004,IR Bell (ENG),22
IR Bell,ENG,5,5,0,175,50,35,255,68.62,68.2,0,1,0,2006,IR Bell (ENG),27
IR Bell,ENG,15,14,2,378,73,31.5,518,72.97,68.62,0,1,1,2008,IR Bell (ENG),29
IR Bell,ENG,11,11,1,549,126,54.9,664,82.68,72.97,1,4,0,2012,IR Bell (ENG),13
J Charles,WI,8,8,0,152,45,19,221,68.77,68.77,0,0,1,2012,J Charles (WI),25
J Edness,BMUDA,5,5,0,99,72,19.8,201,49.25,49.25,0,1,1,2007,J Edness (BMUDA),57
J Mubarak,SL,11,11,0,233,61,21.18,379,61.47,61.47,0,2,0,2006,J Mubarak (SL),38
JAH Marshall,NZ,1,1,0,161,161,161,141,114.18,114.18,1,0,0,2008,JAH Marshall (NZ),3
Javed Omar,BDESH,4,4,2,156,85,78,262,59.54,59.54,0,2,0,2000,Javed Omar (BDESH),29
Javed Omar,BDESH,5,5,1,186,69,46.5,290,64.13,59.54,0,2,0,2001,Javed Omar (BDESH),30
Javed Omar,BDESH,8,8,0,93,35,11.62,268,34.7,64.13,0,0,0,2002,Javed Omar (BDESH),39
Javed Omar,BDESH,7,7,0,159,68,22.71,256,62.1,34.7,0,2,0,2004,Javed Omar (BDESH),27
Javed Omar,BDESH,9,9,0,225,81,25,434,51.84,62.1,0,2,1,2005,Javed Omar (BDESH),33
Javed Omar,BDESH,8,8,1,181,64,25.85,299,60.53,51.84,0,1,0,2006,Javed Omar (BDESH),39
Javed Omar,BDESH,6,6,0,146,80,24.33,295,49.49,60.53,0,1,1,2007,Javed Omar (BDESH),56
JD Ryder,NZ,9,8,1,263,79,37.57,312,84.29,84.29,0,1,0,2008,JD Ryder (NZ),22
JD Ryder,NZ,12,11,0,374,105,34,371,100.8,84.29,1,2,2,2009,JD Ryder (NZ),6
JF Kloppenburg,NL,3,3,0,139,121,46.33,202,68.81,68.81,1,0,1,2003,JF Kloppenburg (NL),24
JL Denly,ENG,9,9,0,268,67,29.77,409,65.52,65.52,0,2,0,2009,JL Denly (ENG),44
JM Davison,CAN,6,6,0,226,111,37.66,190,118.94,118.94,1,1,1,2003,JM Davison (CAN),1
JM Davison,CAN,6,6,0,97,55,16.16,110,88.18,118.94,0,1,2,2006,JM Davison (CAN),7
JM Davison,CAN,7,7,0,211,52,30.14,186,113.44,88.18,0,1,0,2007,JM Davison (CAN),3
JM How,NZ,4,4,1,171,88,57,219,78.08,78.08,0,2,0,2007,JM How (NZ),22
JM How,NZ,5,5,0,105,37,21,183,57.37,78.08,0,0,0,2008,JM How (NZ),43
JP Bray,IRE,12,12,1,371,116,33.72,541,68.57,68.57,2,0,2,2007,JP Bray (IRE),35
JP Maher,AUS,6,6,0,97,30,16.16,173,56.06,56.06,0,0,1,2003,JP Maher (AUS),29
JR Murray,WI,8,8,0,226,62,28.25,312,72.43,72.43,0,2,1,1997,JR Murray (WI),14
JR Murray,WI,5,5,0,114,57,22.8,163,69.93,72.43,0,1,1,1999,JR Murray (WI),19
Junaid Siddique,BDESH,7,7,0,130,85,18.57,262,49.61,49.61,0,1,2,2008,Junaid Siddique (BDESH),48
Junaid Siddique,BDESH,15,15,0,259,55,17.26,335,77.31,49.61,0,1,3,2009,Junaid Siddique (BDESH),30
KA Edwards,WI,6,6,1,103,40,20.6,164,62.8,62.8,0,0,2,2011,KA Edwards (WI),41
Kamran Akmal,PAK,13,13,0,445,124,34.23,527,84.44,84.44,3,0,0,2005,Kamran Akmal (PAK),12
Kamran Akmal,PAK,6,6,0,128,56,21.33,157,81.52,84.44,0,1,0,2006,Kamran Akmal (PAK),14
Kamran Akmal,PAK,9,9,0,86,24,9.55,158,54.43,81.52,0,0,2,2007,Kamran Akmal (PAK),53
Kamran Akmal,PAK,6,6,0,224,100,37.33,218,102.75,54.43,1,0,0,2008,Kamran Akmal (PAK),7
Kamran Akmal,PAK,10,10,0,275,57,27.5,350,78.57,102.75,0,1,1,2009,Kamran Akmal (PAK),27
Kamran Akmal,PAK,9,9,0,269,74,29.88,323,83.28,78.57,0,2,0,2010,Kamran Akmal (PAK),21
Karim Sadiq,AFG,9,9,1,189,114,23.62,263,71.86,71.86,1,0,2,2010,Karim Sadiq (AFG),38
Karim Sadiq,AFG,5,5,0,168,100,33.6,166,101.2,71.86,1,0,0,2012,Karim Sadiq (AFG),1
KC Sangakkara,SL,7,7,1,325,138,54.16,447,72.7,72.7,1,1,0,2005,KC Sangakkara (SL),18
KC Sangakkara,SL,10,10,0,376,121,37.6,414,90.82,72.7,3,0,1,2008,KC Sangakkara (SL),13
KC Wessels,SA,9,9,0,196,51,21.77,431,45.47,45.47,0,1,0,1994,KC Wessels (SA),28
KD Karthik,INDIA,7,6,0,172,67,28.66,238,72.26,72.26,0,1,0,2009,KD Karthik (INDIA),38
KD Karthik,INDIA,14,14,0,332,66,23.71,448,74.1,72.26,0,1,2,2010,KD Karthik (INDIA),33
KED Carroll,IRE,5,5,0,70,28,14,124,56.45,56.45,0,0,0,2007,KED Carroll (IRE),52
Khalid Latif,PAK,3,3,0,128,64,42.66,181,70.71,70.71,0,1,0,2009,Khalid Latif (PAK),40
Khurram Manzoor,PAK,4,4,0,149,69,37.25,226,65.92,65.92,0,2,1,2008,Khurram Manzoor (PAK),34
KJ Coetzer,SCOT,4,4,1,252,89,84,294,85.71,85.71,0,3,0,2011,KJ Coetzer (SCOT),18
KL Tucker,BMUDA,5,5,0,46,34,9.2,143,32.16,32.16,0,0,1,2006,KL Tucker (BMUDA),49
KO Otieno,KENYA,6,6,0,153,85,25.5,260,58.84,58.84,0,1,1,1996,KO Otieno (KENYA),27
KO Otieno,KENYA,6,6,1,356,144,71.2,462,77.05,58.84,1,1,0,1997,KO Otieno (KENYA),12
KO Otieno,KENYA,13,13,0,265,120,20.38,463,57.23,77.05,1,1,4,1999,KO Otieno (KENYA),32
KO Otieno,KENYA,6,6,0,130,64,21.66,318,40.88,57.23,0,1,1,2001,KO Otieno (KENYA),38
KO Otieno,KENYA,9,9,0,226,59,25.11,397,56.92,40.88,0,2,1,2002,KO Otieno (KENYA),35
KO Otieno,KENYA,12,12,0,193,79,16.08,412,46.84,56.92,0,2,2,2003,KO Otieno (KENYA),38
KO Otieno,KENYA,12,12,0,238,74,19.83,425,56,46.84,0,2,1,2006,KO Otieno (KENYA),42
KO Otieno,KENYA,9,9,0,278,78,30.88,427,65.1,56,0,2,0,2009,KO Otieno (KENYA),46
KOA Powell,WI,6,6,0,104,47,17.33,149,69.79,69.79,0,0,1,2012,KOA Powell (WI),24
KP Pietersen,ENG,4,4,0,131,59,32.75,136,96.32,96.32,0,1,0,2011,KP Pietersen (ENG),6
KP Pietersen,ENG,4,4,1,281,130,93.66,333,84.38,96.32,2,0,0,2012,KP Pietersen (ENG),9
L Klusener,SA,3,3,1,101,101,50.5,109,92.66,92.66,1,0,2,1999,L Klusener (SA),2
L Vincent,NZ,6,6,0,117,43,19.5,196,59.69,59.69,0,0,0,2002,L Vincent (NZ),34
L Vincent,NZ,7,7,0,305,172,43.57,244,125,59.69,1,1,1,2005,L Vincent (NZ),2
L Vincent,NZ,11,11,0,226,102,20.54,314,71.97,125,1,0,0,2006,L Vincent (NZ),24
L Vincent,NZ,15,15,1,512,101,36.57,655,78.16,71.97,1,4,3,2007,L Vincent (NZ),21
LE Bosman,SA,7,7,0,198,88,28.28,218,90.82,90.82,0,1,1,2006,LE Bosman (SA),4
LG Howell,NZ,12,12,0,287,68,23.91,388,73.96,73.96,0,4,1,1998,LG Howell (NZ),19
LMP Simmons,WI,6,6,1,122,62,24.4,204,59.8,59.8,0,1,2,2009,LMP Simmons (WI),48
LMP Simmons,WI,17,17,1,792,122,49.5,993,79.75,59.8,1,8,1,2011,LMP Simmons (WI),21
LMP Simmons,WI,6,6,0,52,15,8.66,134,38.8,79.75,0,0,1,2012,LMP Simmons (WI),28
M Prabhakar,INDIA,11,11,2,370,102,41.11,562,65.83,65.83,1,2,1,1994,M Prabhakar (INDIA),11
M Prabhakar,INDIA,10,10,2,317,83,39.62,519,61.07,65.83,0,4,1,1995,M Prabhakar (INDIA),16
M Vijay,INDIA,8,8,0,178,33,22.25,274,64.96,64.96,0,0,0,2010,M Vijay (INDIA),47
MA Atherton,ENG,9,9,0,447,86,49.66,763,58.58,58.58,0,4,0,1994,MA Atherton (ENG),19
MA Atherton,ENG,5,5,0,267,127,53.4,405,65.92,58.58,1,1,0,1995,MA Atherton (ENG),12
MA Atherton,ENG,13,13,0,255,85,19.61,440,57.95,65.92,0,2,3,1996,MA Atherton (ENG),28
MA Atherton,ENG,7,7,1,212,113,35.33,327,64.83,57.95,1,0,0,1997,MA Atherton (ENG),23
MA Ouma,KENYA,10,10,0,140,47,14,269,52.04,52.04,0,0,2,2006,MA Ouma (KENYA),45
MA Ouma,KENYA,17,17,1,386,58,24.12,560,68.92,52.04,0,3,0,2007,MA Ouma (KENYA),34
MA Ouma,KENYA,5,4,0,121,61,30.25,160,75.62,68.92,0,2,1,2009,MA Ouma (KENYA),33
MA Ouma,KENYA,5,5,0,109,40,21.8,196,55.61,75.62,0,0,0,2010,MA Ouma (KENYA),51
MA Taylor,AUS,21,21,1,586,68,29.3,948,61.81,61.81,0,5,0,1994,MA Taylor (AUS),16
MA Taylor,AUS,12,12,0,523,97,43.58,791,66.11,61.81,0,4,0,1995,MA Taylor (AUS),11
MA Taylor,AUS,22,22,0,792,105,36,1224,64.7,66.11,1,5,1,1996,MA Taylor (AUS),23
MA Taylor,AUS,9,9,0,111,26,12.33,286,38.81,64.7,0,0,0,1997,MA Taylor (AUS),34
MA Vermeulen,ZIM,6,6,2,170,79,42.5,191,89,89,0,2,0,2002,MA Vermeulen (ZIM),9
MA Vermeulen,ZIM,11,11,0,285,92,25.9,387,73.64,89,0,2,0,2009,MA Vermeulen (ZIM),35
MB Loye,ENG,7,7,0,142,45,20.28,184,77.17,77.17,0,0,1,2007,MB Loye (ENG),23
ME Trescothick,ENG,12,12,1,441,87,40.09,579,76.16,76.16,0,3,0,2000,ME Trescothick (ENG),13
ME Trescothick,ENG,14,14,0,442,137,31.57,543,81.39,76.16,1,2,2,2001,ME Trescothick (ENG),12
ME Trescothick,ENG,24,24,0,950,121,39.58,937,101.38,81.39,3,4,3,2002,ME Trescothick (ENG),2
ME Trescothick,ENG,25,25,2,867,114,37.69,1078,80.42,101.38,2,6,3,2003,ME Trescothick (ENG),11
ME Trescothick,ENG,17,16,0,670,130,41.87,784,85.45,80.42,2,4,1,2004,ME Trescothick (ENG),5
ME Trescothick,ENG,22,22,3,553,104,29.1,695,79.56,85.45,2,1,3,2005,ME Trescothick (ENG),13
ME Trescothick,ENG,9,9,0,412,121,45.77,471,87.47,79.56,2,1,1,2006,ME Trescothick (ENG),8
ME Waugh,AUS,22,22,2,1038,130,51.9,1328,78.16,78.16,4,5,1,1996,ME Waugh (AUS),13
ME Waugh,AUS,14,14,1,676,115,52,847,79.81,78.16,3,2,1,1997,ME Waugh (AUS),11
ME Waugh,AUS,22,22,0,723,87,32.86,970,74.53,79.81,0,5,0,1998,ME Waugh (AUS),17
ME Waugh,AUS,36,36,3,1468,106,44.48,1942,75.59,74.53,2,11,1,1999,ME Waugh (AUS),13
ME Waugh,AUS,22,22,1,581,116,27.66,895,64.91,75.59,1,3,2,2000,ME Waugh (AUS),24
ME Waugh,AUS,13,13,3,809,173,80.9,933,86.7,64.91,4,2,1,2001,ME Waugh (AUS),10
ME Waugh,AUS,7,7,1,126,55,21,178,70.78,86.7,0,1,2,2002,ME Waugh (AUS),23
Mehrab Hossain,BDESH,9,9,0,321,101,35.66,525,61.14,61.14,1,2,0,1999,Mehrab Hossain (BDESH),27
Mehrab Hossain jnr,BDESH,7,7,0,186,54,26.57,419,44.39,44.39,0,1,0,2006,Mehrab Hossain jnr (BDESH),48
MHW Papps,NZ,5,5,1,204,92,51,332,61.44,61.44,0,2,0,2004,MHW Papps (NZ),28
MJ Clarke,AUS,2,2,1,105,105,105,105,100,100,1,0,1,2004,MJ Clarke (AUS),3
MJ Clarke,AUS,7,7,1,337,103,56.16,399,84.46,100,1,2,0,2005,MJ Clarke (AUS),11
MJ Clarke,AUS,8,8,0,333,98,41.62,417,79.85,84.46,0,4,0,2009,MJ Clarke (AUS),24
MJ Di Venuto,AUS,9,9,0,241,89,26.77,281,85.76,85.76,0,2,0,1997,MJ Di Venuto (AUS),7
MJ Greatbatch,NZ,11,11,0,338,76,30.72,462,73.16,73.16,0,2,0,1995,MJ Greatbatch (NZ),4
MJ Guptill,NZ,7,7,2,311,122,62.2,357,87.11,87.11,1,2,0,2009,MJ Guptill (NZ),15
MJ Guptill,NZ,10,10,0,190,70,19,227,83.7,87.11,0,1,3,2010,MJ Guptill (NZ),20
MJ Guptill,NZ,16,15,3,650,105,54.16,842,77.19,83.7,1,4,0,2011,MJ Guptill (NZ),25
MJ Guptill,NZ,11,11,0,400,85,36.36,479,83.5,77.19,0,5,1,2012,MJ Guptill (NZ),10
MJ Horne,NZ,20,19,0,421,74,22.15,671,62.74,62.74,0,3,1,1999,MJ Horne (NZ),25
MJ Horne,NZ,5,5,0,139,62,27.8,209,66.5,62.74,0,1,1,2002,MJ Horne (NZ),29
MJ Prior,ENG,5,5,0,94,45,18.8,122,77.04,77.04,0,0,0,2005,MJ Prior (ENG),16
MJ Prior,ENG,4,4,0,106,37,26.5,147,72.1,77.04,0,0,0,2006,MJ Prior (ENG),22
MJ Prior,ENG,10,10,0,229,52,22.9,304,75.32,72.1,0,1,1,2007,MJ Prior (ENG),25
MJ Prior,ENG,8,7,2,163,45,32.6,206,79.12,75.32,0,0,1,2008,MJ Prior (ENG),24
MJ Prior,ENG,7,7,0,135,67,19.28,143,94.4,79.12,0,1,2,2011,MJ Prior (ENG),8
MJ Slater,AUS,18,18,0,435,66,24.16,783,55.55,55.55,0,3,2,1994,MJ Slater (AUS),21
MJ Slater,AUS,9,9,0,232,68,25.77,365,63.56,55.55,0,2,0,1995,MJ Slater (AUS),13
MJ Slater,AUS,7,7,0,103,50,14.71,197,52.28,63.56,0,1,1,1996,MJ Slater (AUS),32
MJR Rindel,SA,2,2,0,120,106,60,166,72.28,72.28,1,0,0,1995,MJR Rindel (SA),5
MJR Rindel,SA,11,11,0,321,64,29.18,450,71.33,72.28,0,2,1,1998,MJR Rindel (SA),21
ML Hayden,AUS,6,6,0,136,67,22.66,267,50.93,50.93,0,1,1,1994,ML Hayden (AUS),26
ML Hayden,AUS,6,6,0,311,111,51.83,346,89.88,50.93,1,2,1,2001,ML Hayden (AUS),7
ML Hayden,AUS,20,20,4,878,146,54.87,1069,82.13,89.88,1,6,0,2002,ML Hayden (AUS),16
ML Hayden,AUS,31,31,5,1037,88,39.88,1316,78.79,82.13,0,5,1,2003,ML Hayden (AUS),13
ML Hayden,AUS,23,23,0,946,126,41.13,1259,75.13,78.79,2,6,2,2004,ML Hayden (AUS),13
ML Hayden,AUS,15,15,1,480,114,34.28,679,70.69,75.13,1,2,0,2005,ML Hayden (AUS),21
ML Hayden,AUS,2,2,0,103,54,51.5,143,72.02,70.69,0,1,0,2006,ML Hayden (AUS),23
ML Hayden,AUS,31,30,3,1601,181,59.29,1795,89.19,72.02,5,6,1,2007,ML Hayden (AUS),14
ML Hayden,AUS,8,8,0,298,82,37.25,387,77,89.19,0,3,0,2008,ML Hayden (AUS),27
ML Udawatte,SL,8,8,0,214,73,26.75,328,65.24,65.24,0,2,1,2008,ML Udawatte (SL),35
MN van Wyk,SA,5,5,0,178,82,35.6,274,64.96,64.96,0,2,2,2007,MN van Wyk (SA),43
Mohammad Ashraful,BDESH,9,9,0,137,56,15.22,248,55.24,55.24,0,2,2,2003,Mohammad Ashraful (BDESH),30
Mohammad Ashraful,BDESH,9,9,0,139,66,15.44,268,51.86,55.24,0,1,2,2004,Mohammad Ashraful (BDESH),36
Mohammad Hafeez,PAK,22,22,0,419,69,19.04,812,51.6,51.6,0,3,3,2003,Mohammad Hafeez (PAK),35
Mohammad Hafeez,PAK,11,11,1,254,92,25.4,319,79.62,51.6,0,1,1,2006,Mohammad Hafeez (PAK),15
Mohammad Hafeez,PAK,6,6,0,76,34,12.66,124,61.29,79.62,0,0,1,2007,Mohammad Hafeez (PAK),46
Mohammad Hafeez,PAK,10,10,0,370,68,37,483,76.6,61.29,0,3,0,2010,Mohammad Hafeez (PAK),30
Mohammad Hafeez,PAK,32,32,3,1075,139,37.06,1408,76.34,76.6,3,5,3,2011,Mohammad Hafeez (PAK),27
Mohammad Hafeez,PAK,18,18,0,476,105,26.44,708,67.23,76.34,1,2,3,2012,Mohammad Hafeez (PAK),27
Mohammad Rafique,BDESH,3,3,0,106,77,35.33,132,80.3,80.3,0,1,0,1998,Mohammad Rafique (BDESH),13
Mohammad Shahzad,AFG,1,1,0,110,110,110,111,99.09,99.09,1,0,0,2009,Mohammad Shahzad (AFG),7
MP Vaughan,ENG,10,9,0,153,67,17,227,67.4,67.4,0,1,1,2004,MP Vaughan (ENG),24
MP Vaughan,ENG,12,12,0,252,79,21,371,67.92,67.4,0,1,2,2007,MP Vaughan (ENG),37
MS Atapattu,SL,18,18,1,652,118,38.35,947,68.84,68.84,1,4,0,1997,MS Atapattu (SL),20
MS Atapattu,SL,9,9,1,241,71,30.12,446,54.03,68.84,0,2,0,1999,MS Atapattu (SL),33
MS Atapattu,SL,6,6,2,222,76,55.5,346,64.16,54.03,0,3,1,2001,MS Atapattu (SL),29
MS Atapattu,SL,23,23,2,878,123,41.8,1194,73.53,64.16,2,5,0,2002,MS Atapattu (SL),21
MS Atapattu,SL,17,17,3,630,124,45,835,75.44,73.53,3,2,2,2003,MS Atapattu (SL),18
MS Atapattu,SL,6,6,0,107,47,17.83,204,52.45,75.44,0,0,2,2004,MS Atapattu (SL),35
MS Atapattu,SL,5,5,0,140,70,28,222,63.06,52.45,0,1,0,2005,MS Atapattu (SL),30
MS Atapattu,SL,5,4,0,164,80,41,250,65.6,63.06,0,2,0,2006,MS Atapattu (SL),33
MS Sinclair,NZ,16,16,1,509,118,33.93,788,64.59,64.59,2,2,1,2001,MS Sinclair (NZ),28
MS Sinclair,NZ,2,2,0,128,66,64,150,85.33,64.59,0,2,0,2004,MS Sinclair (NZ),6
MS Wade,AUS,13,13,0,373,75,28.69,547,68.19,68.19,0,3,0,2012,MS Wade (AUS),26
N Hussain,ENG,5,5,2,194,88,64.66,330,58.78,58.78,0,2,0,1999,N Hussain (ENG),30
N Hussain,ENG,9,9,0,189,85,21,289,65.39,58.78,0,2,0,2000,N Hussain (ENG),23
Nafees Iqbal,BDESH,7,7,0,186,58,26.57,275,67.63,67.63,0,2,0,2005,Nafees Iqbal (BDESH),24
Nasir Jamshed,PAK,9,9,2,343,74,49,331,103.62,103.62,0,4,0,2008,Nasir Jamshed (PAK),6
Nasir Jamshed,PAK,8,8,1,462,112,66,536,86.19,103.62,2,2,0,2012,Nasir Jamshed (PAK),7
Naved Latif,PAK,3,3,0,143,113,47.66,191,74.86,74.86,1,0,0,2001,Naved Latif (PAK),17
Naved Latif,PAK,5,5,0,67,36,13.4,140,47.85,74.86,0,0,1,2002,Naved Latif (PAK),38
Nazimuddin,BDESH,5,5,0,59,47,11.8,87,67.81,67.81,0,0,0,2008,Nazimuddin (BDESH),31
NC Johnson,ZIM,3,3,0,188,103,62.66,235,80,80,1,1,0,1998,NC Johnson (ZIM),14
NC Johnson,ZIM,21,21,1,739,132,36.95,1007,73.38,80,3,4,1,1999,NC Johnson (ZIM),17
NC Johnson,ZIM,18,18,1,589,97,34.64,919,64.09,73.38,0,5,1,2000,NC Johnson (ZIM),27
NE Clarke,NL,5,5,0,50,32,10,112,44.64,44.64,0,0,2,1996,NE Clarke (NL),35
NJ Astle,NZ,9,9,0,314,114,34.88,446,70.4,70.4,1,2,0,1995,NJ Astle (NZ),8
NJ Astle,NZ,17,17,0,472,120,27.76,663,71.19,70.4,2,2,3,1996,NJ Astle (NZ),16
NJ Astle,NZ,17,17,0,647,117,38.05,851,76.02,71.19,1,5,1,1997,NJ Astle (NZ),13
NJ Astle,NZ,21,21,1,873,104,43.65,1237,70.57,76.02,1,7,0,1998,NJ Astle (NZ),23
NJ Astle,NZ,21,20,1,569,120,29.94,743,76.58,70.57,2,2,1,1999,NJ Astle (NZ),11
NJ Astle,NZ,25,23,1,845,104,38.4,1124,75.17,76.58,1,6,2,2000,NJ Astle (NZ),14
NJ Astle,NZ,18,18,1,735,119,43.23,979,75.07,75.17,3,3,0,2001,NJ Astle (NZ),16
NJ Astle,NZ,25,25,3,619,122,28.13,887,69.78,75.07,1,4,4,2002,NJ Astle (NZ),24
NJ Astle,NZ,14,13,1,490,145,40.83,702,69.8,69.78,1,3,0,2004,NJ Astle (NZ),21
NJ Astle,NZ,13,12,1,346,115,31.45,535,64.67,69.8,1,1,0,2005,NJ Astle (NZ),28
NJ Astle,NZ,2,2,0,173,90,86.5,193,89.63,64.67,0,2,0,2006,NJ Astle (NZ),6
NJ Astle,NZ,5,5,0,46,45,9.2,80,57.5,89.63,0,0,3,2007,NJ Astle (NZ),50
Noor Ali Zadran,AFG,9,9,1,267,114,33.37,404,66.08,66.08,1,1,0,2010,Noor Ali Zadran (AFG),45
NR Mongia,INDIA,5,5,0,67,38,13.4,92,72.82,72.82,0,0,1,1996,NR Mongia (INDIA),15
NS Poonia,SCOT,7,7,0,109,67,15.57,160,68.12,68.12,0,1,2,2007,NS Poonia (SCOT),36
NS Sidhu,INDIA,5,5,0,270,108,54,383,70.49,70.49,1,1,0,1994,NS Sidhu (INDIA),8
NS Sidhu,INDIA,7,7,0,297,94,42.42,431,68.9,70.49,0,3,0,1996,NS Sidhu (INDIA),18
NS Sidhu,INDIA,8,8,0,215,62,26.87,336,63.98,68.9,0,1,1,1998,NS Sidhu (INDIA),27
NV Knight,ENG,4,4,1,277,125,92.33,331,83.68,83.68,2,0,0,1996,NV Knight (ENG),7
NV Knight,ENG,8,8,2,151,84,25.16,181,83.42,83.68,0,1,1,1997,NV Knight (ENG),9
NV Knight,ENG,12,12,0,661,122,55.08,890,74.26,83.42,1,6,0,1998,NV Knight (ENG),18
NV Knight,ENG,16,16,0,437,84,27.31,666,65.61,74.26,0,2,1,1999,NV Knight (ENG),20
NV Knight,ENG,9,9,2,304,72,43.42,488,62.29,65.61,0,3,1,2000,NV Knight (ENG),28
NV Knight,ENG,8,8,2,324,82,54,452,71.68,62.29,0,3,0,2001,NV Knight (ENG),21
NV Knight,ENG,24,24,2,852,111,38.72,1090,78.16,71.68,2,5,3,2002,NV Knight (ENG),19
NV Knight,ENG,11,11,0,339,88,30.81,474,71.51,78.16,0,3,0,2003,NV Knight (ENG),22
OJ Hairs,SCOT,5,5,0,68,27,13.6,100,68,68,0,0,0,2010,OJ Hairs (SCOT),41
OO Bascome,BMUDA,5,5,0,46,20,9.2,95,48.42,48.42,0,0,0,2008,OO Bascome (BMUDA),49
P Mustard,ENG,5,5,0,89,28,17.8,93,95.69,95.69,0,0,0,2007,P Mustard (ENG),10
P Mustard,ENG,5,5,0,144,83,28.8,159,90.56,95.69,0,1,0,2008,P Mustard (ENG),14
PA de Silva,SL,3,3,1,121,96,60.5,137,88.32,88.32,0,1,0,2000,PA de Silva (SL),3
PA Jaques,AUS,3,3,0,121,94,40.33,148,81.75,81.75,0,1,0,2006,PA Jaques (AUS),13
PA Patel,INDIA,2,2,1,109,56,109,127,85.82,85.82,0,2,0,2010,PA Patel (INDIA),16
PA Patel,INDIA,19,19,0,488,95,25.68,598,81.6,85.82,0,2,0,2011,PA Patel (INDIA),20
PA Wallace,WI,8,8,0,293,103,36.62,306,95.75,95.75,1,1,1,1998,PA Wallace (WI),3
PA Wallace,WI,7,7,0,147,47,21,313,46.96,95.75,0,0,0,2000,PA Wallace (WI),32
PE Cantrell,NL,5,5,0,160,47,32,307,52.11,52.11,0,0,0,1996,PE Cantrell (NL),33
PG Fulton,NZ,7,7,0,250,83,35.71,377,66.31,66.31,0,2,1,2007,PG Fulton (NZ),39
PJ Ingram,NZ,8,7,0,193,69,27.57,238,81.09,81.09,0,1,0,2010,PJ Ingram (NZ),24
PL Mommsen,SCOT,7,7,0,142,80,20.28,293,48.46,48.46,0,1,0,2010,PL Mommsen (SCOT),53
PN Kirsten,SA,12,12,1,379,97,34.45,704,53.83,53.83,0,3,0,1994,PN Kirsten (SA),24
PR Stirling,IRE,17,17,0,771,177,45.35,851,90.59,90.59,1,5,0,2010,PR Stirling (IRE),14
PR Stirling,IRE,11,11,0,450,113,40.9,376,119.68,90.59,3,0,1,2011,PR Stirling (IRE),2
PV Simmons,WI,12,12,0,436,84,36.33,674,64.68,64.68,0,5,1,1994,PV Simmons (WI),14
PV Simmons,WI,8,8,0,197,86,24.62,315,62.53,64.68,0,1,0,1995,PV Simmons (WI),15
R Dravid,INDIA,3,3,0,115,53,38.33,205,56.09,56.09,0,2,0,1997,R Dravid (INDIA),27
R Dravid,INDIA,14,14,1,514,105,39.53,686,74.92,56.09,1,4,2,2006,R Dravid (INDIA),20
R Gunasekera,CAN,6,6,0,89,57,14.83,107,83.17,83.17,0,1,0,2011,R Gunasekera (CAN),19
R Strydom,IRE,5,5,0,82,37,16.4,152,53.94,53.94,0,0,0,2008,R Strydom (IRE),44
RA Jones,NZ,5,5,0,168,63,33.6,329,51.06,51.06,0,1,0,2003,RA Jones (NZ),36
RA Smith,ENG,3,3,0,163,75,54.33,223,73.09,73.09,0,2,0,1996,RA Smith (ENG),14
Rajin Saleh,BDESH,3,3,0,110,82,36.66,171,64.32,64.32,0,1,0,2004,Rajin Saleh (BDESH),26
Rajin Saleh,BDESH,4,4,0,125,77,31.25,166,75.3,64.32,0,1,0,2005,Rajin Saleh (BDESH),17
Rajin Saleh,BDESH,10,10,1,235,108,26.11,441,53.28,75.3,1,0,1,2006,Rajin Saleh (BDESH),44
Rameez Raja,PAK,6,6,0,145,46,24.16,261,55.55,55.55,0,0,0,1995,Rameez Raja (PAK),21
RD Jacobs,WI,17,16,2,500,80,35.71,790,63.29,63.29,0,4,2,1999,RD Jacobs (WI),23
RD Jacobs,WI,5,5,0,110,65,22,135,81.48,63.29,0,1,0,2000,RD Jacobs (WI),8
RD Shah,KENYA,3,3,0,140,70,46.66,150,93.33,93.33,0,2,0,1998,RD Shah (KENYA),6
RD Shah,KENYA,11,11,0,326,71,29.63,513,63.54,93.33,0,2,0,1999,RD Shah (KENYA),22
RD Shah,KENYA,9,9,0,187,55,20.77,353,52.97,63.54,0,2,1,2001,RD Shah (KENYA),35
RD Shah,KENYA,7,7,0,41,27,5.85,85,48.23,52.97,0,0,2,2002,RD Shah (KENYA),37
RD Shah,KENYA,9,9,0,265,61,29.44,438,60.5,48.23,0,2,1,2003,RD Shah (KENYA),28
Rizwan Cheema,CAN,3,3,0,184,89,61.33,138,133.33,133.33,0,2,0,2008,Rizwan Cheema (CAN),1
Rizwan Cheema,CAN,6,6,1,234,94,46.8,175,133.71,133.33,0,2,0,2009,Rizwan Cheema (CAN),2
Rizwan Cheema,CAN,8,8,0,96,61,12,95,101.05,133.71,0,1,1,2010,Rizwan Cheema (CAN),5
RJ Nicol,NZ,3,3,1,131,108,65.5,167,78.44,78.44,1,0,0,2011,RJ Nicol (NZ),23
RJ Nicol,NZ,15,14,0,449,146,32.07,583,77.01,78.44,1,2,1,2012,RJ Nicol (NZ),17
RM Haq,SCOT,13,13,0,357,71,27.46,510,70,70,0,3,0,2007,RM Haq (SCOT),32
RR Patel,KENYA,4,4,0,118,92,29.5,162,72.83,72.83,0,1,0,2010,RR Patel (KENYA),36
RR Watson,SCOT,6,6,2,122,54,30.5,138,88.4,88.4,0,2,2,2008,RR Watson (SCOT),17
RS Bopara,ENG,11,11,0,324,49,29.45,463,69.97,69.97,0,0,1,2009,RS Bopara (ENG),41
RS Kaluwitharana,SL,28,27,1,677,100,26.03,652,103.83,103.83,1,5,5,1996,RS Kaluwitharana (SL),4
RS Kaluwitharana,SL,10,10,0,52,23,5.2,88,59.09,103.83,0,0,5,1997,RS Kaluwitharana (SL),26
RS Kaluwitharana,SL,15,15,0,395,68,26.33,466,84.76,59.09,0,3,0,1998,RS Kaluwitharana (SL),10
RS Kaluwitharana,SL,22,22,2,718,99,35.9,935,76.79,84.76,0,8,2,1999,RS Kaluwitharana (SL),10
RS Kaluwitharana,SL,9,9,0,173,55,19.22,260,66.53,76.79,0,1,1,2000,RS Kaluwitharana (SL),22
RS Kaluwitharana,SL,14,14,1,467,102,35.92,673,69.39,66.53,1,3,2,2001,RS Kaluwitharana (SL),23
RS Kaluwitharana,SL,6,6,0,95,52,15.83,137,69.34,69.39,0,1,0,2002,RS Kaluwitharana (SL),25
RS Kaluwitharana,SL,7,7,1,205,54,34.16,316,64.87,69.34,0,1,0,2003,RS Kaluwitharana (SL),26
RS Mahanama,SL,21,20,3,571,119,33.58,877,65.1,65.1,2,2,1,1994,RS Mahanama (SL),12
RS Mahanama,SL,11,11,1,421,101,42.1,663,63.49,65.1,1,2,1,1995,RS Mahanama (SL),14
RS Morton,WI,7,7,0,255,109,36.42,382,66.75,66.75,1,1,1,2006,RS Morton (WI),31
RS Morton,WI,5,5,2,182,85,60.66,246,73.98,66.75,0,1,0,2009,RS Morton (WI),34
RT Ponting,AUS,3,3,0,120,63,40,134,89.55,89.55,0,1,0,2011,RT Ponting (AUS),12
RV Uthappa,INDIA,7,6,0,181,70,30.16,156,116.02,116.02,0,2,0,2007,RV Uthappa (INDIA),2
S Chanderpaul,WI,8,8,0,231,80,28.87,391,59.07,59.07,0,3,0,1996,S Chanderpaul (WI),26
S Chanderpaul,WI,6,6,1,327,109,65.4,472,69.27,59.07,1,2,0,1997,S Chanderpaul (WI),18
S Chanderpaul,WI,12,12,1,397,150,36.09,487,81.51,69.27,1,1,1,1999,S Chanderpaul (WI),9
S Chanderpaul,WI,6,6,2,268,108,67,409,65.52,81.51,1,0,0,2002,S Chanderpaul (WI),30
S Chanderpaul,WI,13,13,0,440,92,33.84,625,70.4,65.52,0,4,0,2004,S Chanderpaul (WI),20
S Chanderpaul,WI,15,15,3,559,101,46.58,783,71.39,70.4,1,5,1,2006,S Chanderpaul (WI),25
S Chanderpaul,WI,9,9,2,384,149,54.85,567,67.72,71.39,2,1,0,2007,S Chanderpaul (WI),38
S Chanderpaul,WI,2,2,0,101,101,50.5,125,80.8,67.72,1,0,1,2010,S Chanderpaul (WI),25
S Chattergoon,WI,11,11,0,283,52,25.72,470,60.21,60.21,0,1,1,2008,S Chattergoon (WI),41
S Matsikenyeri,ZIM,15,15,0,299,73,19.93,511,58.51,58.51,0,1,1,2004,S Matsikenyeri (ZIM),32
S Matsikenyeri,ZIM,8,8,0,162,50,20.25,258,62.79,58.51,0,1,1,2005,S Matsikenyeri (ZIM),31
S Matsikenyeri,ZIM,4,4,0,151,75,37.75,233,64.8,62.79,0,1,0,2006,S Matsikenyeri (ZIM),34
S Ramesh,INDIA,23,23,1,644,82,29.27,1077,59.79,59.79,0,6,3,1999,S Ramesh (INDIA),28
S Ranatunga,SL,3,3,0,103,70,34.33,211,48.81,48.81,0,1,0,1994,S Ranatunga (SL),27
Saeed Anwar,PAK,28,28,3,846,104,33.84,1213,69.74,69.74,1,4,3,1994,Saeed Anwar (PAK),9
Saeed Anwar,PAK,7,7,1,158,103,26.33,265,59.62,69.74,1,0,1,1995,Saeed Anwar (PAK),18
Saeed Anwar,PAK,36,36,5,1595,115,51.45,1742,91.56,59.62,3,10,0,1996,Saeed Anwar (PAK),5
Saeed Anwar,PAK,19,19,2,810,194,47.64,904,89.6,91.56,3,2,2,1997,Saeed Anwar (PAK),4
Saeed Anwar,PAK,20,20,1,818,140,43.05,943,86.74,89.6,1,7,1,1998,Saeed Anwar (PAK),9
Saeed Anwar,PAK,24,24,1,848,113,36.86,1125,75.37,86.74,2,5,2,1999,Saeed Anwar (PAK),14
Saeed Anwar,PAK,24,24,1,828,105,36,1122,73.79,75.37,2,1,0,2000,Saeed Anwar (PAK),16
Saeed Anwar,PAK,12,12,0,414,90,34.5,606,68.31,73.79,0,3,1,2001,Saeed Anwar (PAK),25
Saeed Anwar,PAK,11,11,1,254,70,25.4,372,68.27,68.31,0,2,2,2002,Saeed Anwar (PAK),26
Saeed Anwar,PAK,5,5,1,218,101,54.5,303,71.94,68.27,1,0,0,2003,Saeed Anwar (PAK),21
Saleem Elahi,PAK,7,7,1,304,102,50.66,444,68.46,68.46,1,2,1,1995,Saleem Elahi (PAK),9
Saleem Elahi,PAK,5,5,0,125,54,25,154,81.16,68.46,0,1,0,1996,Saleem Elahi (PAK),10
Saleem Elahi,PAK,3,3,0,104,79,34.66,139,74.82,81.16,0,1,0,2001,Saleem Elahi (PAK),18
Saleem Elahi,PAK,8,8,0,466,135,58.25,561,83.06,74.82,3,1,1,2002,Saleem Elahi (PAK),15
Saleem Raza,UAE,3,3,0,127,84,42.33,105,120.95,120.95,0,1,0,1996,Saleem Raza (UAE),2
Salman Butt,PAK,6,6,1,252,108,50.4,335,75.22,75.22,1,1,1,2004,Salman Butt (PAK),11
Salman Butt,PAK,20,20,0,565,101,28.25,782,72.25,75.22,1,2,2,2005,Salman Butt (PAK),20
Salman Butt,PAK,7,7,0,145,101,20.71,233,62.23,72.25,1,0,2,2006,Salman Butt (PAK),37
Salman Butt,PAK,8,8,0,362,129,45.25,457,79.21,62.23,1,2,1,2007,Salman Butt (PAK),19
Salman Butt,PAK,19,19,2,861,136,50.64,1007,85.5,79.21,3,4,3,2008,Salman Butt (PAK),19
Salman Butt,PAK,10,10,1,358,100,39.77,525,68.19,85.5,1,3,2,2009,Salman Butt (PAK),42
Salman Butt,PAK,7,7,0,182,74,26,232,78.44,68.19,0,2,3,2010,Salman Butt (PAK),29
SC Ganguly,INDIA,37,34,3,1336,113,43.09,1899,70.35,70.35,1,10,3,1997,SC Ganguly (INDIA),17
SC Ganguly,INDIA,36,35,3,1328,124,41.5,1903,69.78,70.35,4,7,1,1998,SC Ganguly (INDIA),25
SC Ganguly,INDIA,36,36,2,1558,183,45.82,2067,75.37,69.78,4,8,1,1999,SC Ganguly (INDIA),14
SC Ganguly,INDIA,31,31,4,1561,144,57.81,1879,83.07,75.37,7,6,0,2000,SC Ganguly (INDIA),6
SC Ganguly,INDIA,20,20,0,744,127,37.2,1036,71.81,83.07,2,5,1,2001,SC Ganguly (INDIA),20
SC Ganguly,INDIA,26,26,1,920,117,36.8,1107,83.1,71.81,1,7,2,2002,SC Ganguly (INDIA),14
SC Ganguly,INDIA,6,6,0,59,23,9.83,161,36.64,83.1,0,0,1,2003,SC Ganguly (INDIA),43
SC Ganguly,INDIA,12,11,0,310,90,28.18,437,70.93,36.64,0,2,2,2004,SC Ganguly (INDIA),18
SC Ganguly,INDIA,8,8,1,156,51,22.28,278,56.11,70.93,0,1,0,2005,SC Ganguly (INDIA),32
SC Ganguly,INDIA,29,28,2,1120,98,43.07,1557,71.93,56.11,0,11,2,2007,SC Ganguly (INDIA),28
SC Williams,WI,10,10,0,300,61,30,468,64.1,64.1,0,1,1,1994,SC Williams (WI),15
SC Williams,WI,12,12,2,341,73,34.1,477,71.48,64.1,0,3,1,1995,SC Williams (WI),6
SC Williams,WI,6,6,0,97,62,16.16,171,56.72,71.48,0,1,1,1996,SC Williams (WI),30
SC Williams,WI,12,12,2,626,105,62.6,910,68.79,56.72,1,6,0,1997,SC Williams (WI),21
SD Outerbridge,BMUDA,5,5,0,15,9,3,42,35.71,35.71,0,0,2,2007,SD Outerbridge (BMUDA),58
SE Marsh,AUS,8,8,1,333,81,47.57,437,76.2,76.2,0,3,1,2008,SE Marsh (AUS),28
SE Marsh,AUS,10,10,0,372,112,37.2,487,76.38,76.2,1,2,0,2009,SE Marsh (AUS),31
SE Marsh,AUS,8,8,0,223,83,27.87,333,66.96,76.38,0,1,1,2010,SE Marsh (AUS),44
SG Law,AUS,1,1,0,110,110,110,135,81.48,81.48,1,0,0,1994,SG Law (AUS),4
Shahid Afridi,PAK,4,4,0,101,66,25.25,66,153.03,153.03,0,1,1,1996,Shahid Afridi (PAK),1
Shahid Afridi,PAK,26,26,0,760,72,29.23,686,110.78,153.03,0,6,3,1997,Shahid Afridi (PAK),3
Shahid Afridi,PAK,17,17,0,377,109,22.17,394,95.68,110.78,1,1,1,1998,Shahid Afridi (PAK),4
Shahid Afridi,PAK,19,19,0,415,71,21.84,496,83.66,95.68,0,3,1,1999,Shahid Afridi (PAK),8
Shahid Afridi,PAK,22,22,0,509,69,23.13,628,81.05,83.66,0,3,3,2000,Shahid Afridi (PAK),9
Shahid Afridi,PAK,14,14,0,441,70,31.5,410,107.56,81.05,0,4,0,2001,Shahid Afridi (PAK),1
Shahid Afridi,PAK,19,19,1,420,108,23.33,418,100.47,107.56,1,2,1,2002,Shahid Afridi (PAK),3
Shahid Afridi,PAK,4,4,0,108,80,27,87,124.13,100.47,0,1,0,2004,Shahid Afridi (PAK),1
Shahid Afridi,PAK,10,10,0,301,102,30.1,178,169.1,124.13,1,1,2,2005,Shahid Afridi (PAK),1
Shahriar Hossain,BDESH,10,10,0,306,95,30.6,497,61.56,61.56,0,2,2,1999,Shahriar Hossain (BDESH),26
Shahriar Nafees,BDESH,7,7,0,254,75,36.28,390,65.12,65.12,0,2,0,2005,Shahriar Nafees (BDESH),27
Shahriar Nafees,BDESH,28,28,3,1033,123,41.32,1468,70.36,65.12,3,4,4,2006,Shahriar Nafees (BDESH),26
Shahriar Nafees,BDESH,14,14,1,278,104,21.38,389,71.46,70.36,1,1,3,2007,Shahriar Nafees (BDESH),29
Shahriar Nafees,BDESH,10,10,1,280,90,31.11,399,70.17,71.46,0,3,1,2008,Shahriar Nafees (BDESH),30
Shahriar Nafees,BDESH,4,4,0,119,73,29.75,125,95.2,70.17,0,1,1,2010,Shahriar Nafees (BDESH),11
Shoaib Malik,PAK,3,3,0,130,115,43.33,192,67.7,67.7,1,0,0,2002,Shoaib Malik (PAK),28
Shoaib Malik,PAK,7,7,0,141,46,20.14,207,68.11,67.7,0,0,0,2006,Shoaib Malik (PAK),28
Shoaib Malik,PAK,3,3,1,212,125,106,230,92.17,68.11,1,1,0,2008,Shoaib Malik (PAK),11
SJ Swanepoel,NAM,5,5,0,43,23,8.6,94,45.74,45.74,0,0,0,2003,SJ Swanepoel (NAM),40
SL Campbell,WI,15,15,0,438,86,29.2,771,56.8,56.8,0,2,0,1995,SL Campbell (WI),20
SL Campbell,WI,12,12,0,262,47,21.83,543,48.25,56.8,0,0,0,1996,SL Campbell (WI),34
SL Campbell,WI,9,9,0,138,52,15.33,271,50.92,48.25,0,1,2,1997,SL Campbell (WI),30
SL Campbell,WI,26,25,0,747,69,29.88,1156,64.61,50.92,0,7,1,1999,SL Campbell (WI),21
SL Campbell,WI,16,15,0,520,105,34.66,780,66.66,64.61,2,3,2,2000,SL Campbell (WI),21
SL Campbell,WI,5,5,0,51,42,10.2,103,49.51,66.66,0,0,2,2001,SL Campbell (WI),37
SM Davies,ENG,5,5,0,197,87,39.4,186,105.91,105.91,0,1,0,2010,SM Davies (ENG),3
SM Katich,AUS,10,10,0,371,58,37.1,512,72.46,72.46,0,3,0,2005,SM Katich (AUS),19
SM Katich,AUS,22,22,2,783,107,39.15,1215,64.44,72.46,1,5,1,2006,SM Katich (AUS),36
SP Fleming,NZ,9,9,0,248,89,27.55,349,71.06,71.06,0,2,1,2002,SP Fleming (NZ),22
SP Fleming,NZ,23,22,2,681,134,34.05,1045,65.16,71.06,1,2,0,2003,SP Fleming (NZ),25
SP Fleming,NZ,22,21,2,921,115,48.47,1161,79.32,65.16,2,4,2,2004,SP Fleming (NZ),10
SP Fleming,NZ,16,15,0,409,93,27.26,521,78.5,79.32,0,3,2,2005,SP Fleming (NZ),15
SP Fleming,NZ,8,8,0,298,89,37.25,405,73.58,78.5,0,3,2,2006,SP Fleming (NZ),21
SP Fleming,NZ,21,20,2,628,106,34.88,794,79.09,73.58,2,4,2,2007,SP Fleming (NZ),20
SR Tendulkar,INDIA,20,20,1,1002,115,52.73,1100,91.09,91.09,3,8,3,1994,SR Tendulkar (INDIA),2
SR Tendulkar,INDIA,12,12,1,444,112,40.36,438,101.36,91.09,1,1,0,1995,SR Tendulkar (INDIA),1
SR Tendulkar,INDIA,32,32,2,1611,137,53.7,1954,82.44,101.36,6,9,0,1996,SR Tendulkar (INDIA),9
SR Tendulkar,INDIA,27,25,1,694,117,28.91,782,88.74,82.44,2,2,1,1997,SR Tendulkar (INDIA),5
SR Tendulkar,INDIA,33,32,4,1840,143,65.71,1778,103.48,88.74,9,6,0,1998,SR Tendulkar (INDIA),2
SR Tendulkar,INDIA,18,18,1,679,186,39.94,804,84.45,103.48,2,1,3,1999,SR Tendulkar (INDIA),7
SR Tendulkar,INDIA,32,32,0,1303,146,40.71,1587,82.1,84.45,3,6,0,2000,SR Tendulkar (INDIA),7
SR Tendulkar,INDIA,16,16,3,904,146,69.53,990,91.31,82.1,4,3,1,2001,SR Tendulkar (INDIA),5
SR Tendulkar,INDIA,6,6,1,266,87,53.2,283,93.99,91.31,0,2,0,2002,SR Tendulkar (INDIA),7
SR Tendulkar,INDIA,18,18,1,1139,152,67,1277,89.19,93.99,3,8,0,2003,SR Tendulkar (INDIA),5
SR Tendulkar,INDIA,21,21,1,812,141,40.6,1014,80.07,89.19,1,5,1,2004,SR Tendulkar (INDIA),9
SR Tendulkar,INDIA,15,15,1,410,123,29.28,518,79.15,80.07,1,2,0,2005,SR Tendulkar (INDIA),14
SR Tendulkar,INDIA,15,15,2,627,141,48.23,812,77.21,79.15,2,3,1,2006,SR Tendulkar (INDIA),17
SR Tendulkar,INDIA,23,23,0,1115,99,48.47,1352,82.47,77.21,0,10,1,2007,SR Tendulkar (INDIA),15
SR Tendulkar,INDIA,12,12,1,460,117,41.81,546,84.24,82.47,1,3,1,2008,SR Tendulkar (INDIA),23
SR Tendulkar,INDIA,21,20,2,972,175,54,1034,94,84.24,3,3,0,2009,SR Tendulkar (INDIA),12
SR Tendulkar,INDIA,2,2,1,204,200,204,152,134.21,94,1,0,0,2010,SR Tendulkar (INDIA),1
SR Tendulkar,INDIA,11,11,0,513,120,46.63,579,88.6,134.21,2,2,0,2011,SR Tendulkar (INDIA),14
SR Tendulkar,INDIA,10,10,0,315,114,31.5,387,81.39,88.6,1,1,0,2012,SR Tendulkar (INDIA),15
SR Waters,KENYA,4,4,0,150,74,37.5,234,64.1,64.1,0,1,0,2008,SR Waters (KENYA),37
SR Waters,KENYA,7,7,0,107,32,15.28,190,56.31,64.1,0,0,2,2009,SR Waters (KENYA),50
SR Waters,KENYA,6,6,0,120,71,20,223,53.81,56.31,0,1,0,2011,SR Waters (KENYA),42
SR Watson,AUS,7,7,1,225,79,37.5,268,83.95,83.95,0,3,2,2006,SR Watson (AUS),12
SR Watson,AUS,7,7,0,262,126,37.42,291,90.03,83.95,1,0,1,2008,SR Watson (AUS),15
SR Watson,AUS,21,21,4,943,136,55.47,1098,85.88,90.03,3,3,3,2009,SR Watson (AUS),17
SR Watson,AUS,21,21,0,771,69,36.71,872,88.41,85.88,0,7,0,2010,SR Watson (AUS),15
SR Watson,AUS,22,21,2,1124,185,59.15,1036,108.49,88.41,2,8,0,2011,SR Watson (AUS),3
SR Watson,AUS,10,9,0,257,66,28.55,350,73.42,108.49,0,2,0,2012,SR Watson (AUS),20
ST Jayasuriya,SL,18,17,0,508,140,29.88,627,81.02,81.02,1,4,2,1994,ST Jayasuriya (SL),5
ST Jayasuriya,SL,17,17,0,494,57,29.05,613,80.58,81.02,0,3,0,1995,ST Jayasuriya (SL),2
ST Jayasuriya,SL,30,29,1,955,134,34.1,849,112.48,80.58,2,4,0,1996,ST Jayasuriya (SL),3
ST Jayasuriya,SL,26,26,3,1178,151,51.21,1037,113.59,112.48,3,9,3,1997,ST Jayasuriya (SL),2
ST Jayasuriya,SL,23,23,0,661,102,28.73,790,83.67,113.59,1,4,3,1998,ST Jayasuriya (SL),12
ST Jayasuriya,SL,26,26,1,647,88,25.88,754,85.8,83.67,0,7,1,1999,ST Jayasuriya (SL),5
ST Jayasuriya,SL,21,21,0,910,189,43.33,1035,87.92,85.8,2,6,1,2000,ST Jayasuriya (SL),4
ST Jayasuriya,SL,33,33,1,1202,107,37.56,1444,83.24,87.92,2,8,3,2001,ST Jayasuriya (SL),11
ST Jayasuriya,SL,31,31,1,1077,112,35.9,1174,91.73,83.24,2,4,2,2002,ST Jayasuriya (SL),8
ST Jayasuriya,SL,25,25,3,860,122,39.09,1002,85.82,91.73,3,3,3,2003,ST Jayasuriya (SL),7
ST Jayasuriya,SL,24,24,1,724,130,31.47,866,83.6,85.82,2,3,2,2004,ST Jayasuriya (SL),7
ST Jayasuriya,SL,12,12,0,280,67,23.33,313,89.45,83.6,0,1,1,2005,ST Jayasuriya (SL),6
ST Jayasuriya,SL,26,25,1,1153,157,48.04,1073,107.45,89.45,5,2,2,2006,ST Jayasuriya (SL),2
ST Jayasuriya,SL,31,30,2,835,115,29.82,891,93.71,107.45,2,4,1,2007,ST Jayasuriya (SL),12
ST Jayasuriya,SL,18,17,0,578,130,34,542,106.64,93.71,2,2,2,2008,ST Jayasuriya (SL),5
ST Jayasuriya,SL,20,20,0,592,107,29.6,605,97.85,106.64,1,2,3,2009,ST Jayasuriya (SL),9
T Duffin,ZIM,16,16,0,390,88,24.37,751,51.93,51.93,0,2,1,2006,T Duffin (ZIM),46
T Duffin,ZIM,5,5,0,95,37,19,185,51.35,51.93,0,0,0,2007,T Duffin (ZIM),55
Tamim Iqbal,BDESH,21,21,0,455,54,21.66,728,62.5,62.5,0,3,0,2007,Tamim Iqbal (BDESH),44
Tamim Iqbal,BDESH,26,26,0,807,129,31.03,1035,77.97,62.5,1,5,4,2008,Tamim Iqbal (BDESH),26
Tamim Iqbal,BDESH,19,19,0,602,154,31.68,762,79,77.97,1,3,2,2009,Tamim Iqbal (BDESH),25
Tamim Iqbal,BDESH,23,23,0,776,125,33.73,807,96.15,79,1,5,2,2010,Tamim Iqbal (BDESH),9
Tamim Iqbal,BDESH,20,20,1,475,70,25,609,77.99,96.15,0,3,4,2011,Tamim Iqbal (BDESH),24
Tamim Iqbal,BDESH,9,9,0,347,70,38.55,419,82.81,77.99,0,5,0,2012,Tamim Iqbal (BDESH),12
Taufeeq Umar,PAK,4,4,0,152,76,38,232,65.51,65.51,0,2,0,2002,Taufeeq Umar (PAK),31
Taufeeq Umar,PAK,11,11,1,246,81,24.6,469,52.45,65.51,0,1,0,2003,Taufeeq Umar (PAK),34
TC Bastiampillai,CAN,5,5,0,79,33,15.8,109,72.47,72.47,0,0,0,2010,TC Bastiampillai (CAN),37
TD Paine,AUS,14,14,0,418,111,29.85,572,73.07,73.07,1,3,1,2009,TD Paine (AUS),36
TD Paine,AUS,9,9,0,278,81,30.88,445,62.47,73.07,0,2,0,2010,TD Paine (AUS),49
TM Dilshan,SL,19,19,1,1000,160,55.55,969,103.19,103.19,4,2,1,2009,TM Dilshan (SL),5
TM Dilshan,SL,20,20,2,921,110,51.16,931,98.92,103.19,3,4,1,2010,TM Dilshan (SL),6
TM Dilshan,SL,26,26,1,814,144,32.56,944,86.22,98.92,2,4,1,2011,TM Dilshan (SL),17
TM Dilshan,SL,31,30,3,1119,160,41.44,1322,84.64,86.22,4,3,3,2012,TM Dilshan (SL),8
TN de Grooth,NL,4,3,0,132,97,44,129,102.32,102.32,0,1,0,2007,TN de Grooth (NL),7
TN Madondo,ZIM,2,2,0,103,71,51.5,131,78.62,78.62,0,1,0,2000,TN Madondo (ZIM),12
V Kohli,INDIA,5,5,0,159,54,31.8,239,66.52,66.52,0,1,0,2008,V Kohli (INDIA),32
V Rathour,INDIA,6,6,0,159,54,26.5,278,57.19,57.19,0,2,0,1996,V Rathour (INDIA),29
V Sehwag,INDIA,6,6,1,219,100,43.8,213,102.81,102.81,1,1,1,2001,V Sehwag (INDIA),2
V Sehwag,INDIA,28,28,3,1096,126,43.84,1029,106.51,102.81,3,5,3,2002,V Sehwag (INDIA),1
V Sehwag,INDIA,25,25,0,861,130,34.44,1008,85.41,106.51,2,3,2,2003,V Sehwag (INDIA),8
V Sehwag,INDIA,25,24,0,633,90,26.37,695,91.07,85.41,0,5,3,2004,V Sehwag (INDIA),4
V Sehwag,INDIA,29,29,0,861,108,29.68,823,104.61,91.07,1,2,0,2005,V Sehwag (INDIA),3
V Sehwag,INDIA,20,20,0,590,97,29.5,687,85.88,104.61,0,5,1,2006,V Sehwag (INDIA),9
V Sehwag,INDIA,8,8,0,216,52,27,194,111.34,85.88,0,1,0,2007,V Sehwag (INDIA),4
V Sehwag,INDIA,18,18,0,893,119,49.61,744,120.02,111.34,1,8,0,2008,V Sehwag (INDIA),2
V Sehwag,INDIA,20,19,1,810,146,45,593,136.59,120.02,3,2,0,2009,V Sehwag (INDIA),1
V Sehwag,INDIA,12,12,1,446,110,40.54,410,108.78,136.59,1,1,0,2010,V Sehwag (INDIA),2
V Sehwag,INDIA,12,12,0,645,219,53.75,524,123.09,108.78,2,1,2,2011,V Sehwag (INDIA),1
V Sehwag,INDIA,10,10,0,217,96,21.7,216,100.46,123.09,0,1,1,2012,V Sehwag (INDIA),2
V Sibanda,ZIM,5,5,0,84,58,16.8,193,43.52,43.52,0,1,1,2003,V Sibanda (ZIM),41
V Sibanda,ZIM,8,7,0,32,12,4.57,98,32.65,43.52,0,0,3,2004,V Sibanda (ZIM),37
V Sibanda,ZIM,12,12,1,438,116,39.81,644,68.01,32.65,1,2,1,2006,V Sibanda (ZIM),29
V Sibanda,ZIM,16,16,1,545,96,36.33,788,69.16,68.01,0,4,1,2007,V Sibanda (ZIM),33
V Sibanda,ZIM,10,10,0,159,59,15.9,255,62.35,69.16,0,1,0,2008,V Sibanda (ZIM),39
V Sibanda,ZIM,10,10,0,172,77,17.2,330,52.12,62.35,0,1,2,2009,V Sibanda (ZIM),52
V Sibanda,ZIM,5,5,0,119,95,23.8,240,49.58,52.12,0,1,1,2010,V Sibanda (ZIM),52
V Sibanda,ZIM,11,11,0,412,96,37.45,554,74.36,49.58,0,4,1,2011,V Sibanda (ZIM),33
VS Solanki,ENG,13,13,1,277,106,23.08,349,79.36,79.36,1,1,1,2003,VS Solanki (ENG),12
VS Solanki,ENG,10,10,0,349,100,34.9,464,75.21,79.36,1,2,0,2004,VS Solanki (ENG),12
W Barresi,NL,8,8,0,169,44,21.12,264,64.01,64.01,0,0,1,2011,W Barresi (NL),39
Wajahatullah Wasti,PAK,11,11,0,273,84,24.81,530,51.5,51.5,0,1,1,1999,Wajahatullah Wasti (PAK),34
WS Jayantha,SL,10,10,2,215,74,26.87,266,80.82,80.82,0,1,2,2004,WS Jayantha (SL),8
WTS Porterfield,IRE,18,18,2,555,112,34.68,933,59.48,59.48,2,2,2,2007,WTS Porterfield (IRE),47
WTS Porterfield,IRE,9,9,0,122,41,13.55,211,57.81,59.48,0,0,0,2008,WTS Porterfield (IRE),42
WTS Porterfield,IRE,8,8,1,414,104,59.14,517,80.07,57.81,2,2,0,2009,WTS Porterfield (IRE),23
WTS Porterfield,IRE,7,7,0,221,108,31.57,281,78.64,80.07,1,0,0,2010,WTS Porterfield (IRE),28
WTS Porterfield,IRE,8,8,0,254,75,31.75,369,68.83,78.64,0,3,1,2011,WTS Porterfield (IRE),35
WU Tharanga,SL,9,9,0,260,105,28.88,372,69.89,69.89,1,1,0,2005,WU Tharanga (SL),22
WU Tharanga,SL,26,24,0,1062,120,44.25,1349,78.72,69.89,5,4,2,2006,WU Tharanga (SL),16
WU Tharanga,SL,27,26,0,628,73,24.15,955,65.75,78.72,0,4,1,2007,WU Tharanga (SL),41
WU Tharanga,SL,9,8,1,138,40,19.71,278,49.64,65.75,0,0,1,2008,WU Tharanga (SL),47
WU Tharanga,SL,13,13,0,523,118,40.23,635,82.36,49.64,1,4,3,2009,WU Tharanga (SL),22
WU Tharanga,SL,20,20,2,689,118,38.27,930,74.08,82.36,1,5,3,2010,WU Tharanga (SL),34
WU Tharanga,SL,21,21,3,826,133,45.88,1091,75.71,74.08,4,2,1,2011,WU Tharanga (SL),29
WU Tharanga,SL,21,20,1,489,66,25.73,643,76.04,75.71,0,5,2,2012,WU Tharanga (SL),19
WW Hinds,WI,6,6,0,124,60,20.66,178,69.66,69.66,0,2,1,2001,WW Hinds (WI),22
WW Hinds,WI,14,13,0,388,93,29.84,486,79.83,69.66,0,3,1,2002,WW Hinds (WI),18
WW Hinds,WI,16,16,3,632,127,48.61,831,76.05,79.83,3,2,2,2003,WW Hinds (WI),17
WW Hinds,WI,4,4,0,105,82,26.25,177,59.32,76.05,0,1,0,2004,WW Hinds (WI),31
WW Hinds,WI,7,7,0,184,107,26.28,289,63.66,59.32,1,0,1,2005,WW Hinds (WI),29
XM Marshall,WI,8,8,0,87,26,10.87,196,44.38,44.38,0,0,0,2005,XM Marshall (WI),34
XM Marshall,WI,6,6,0,58,35,9.66,111,52.25,44.38,0,0,3,2008,XM Marshall (WI),46
Yasir Hameed,PAK,14,14,1,811,127,62.38,1122,72.28,72.28,2,7,0,2003,Yasir Hameed (PAK),20
Yasir Hameed,PAK,25,25,0,773,102,30.92,1144,67.56,72.28,1,2,2,2004,Yasir Hameed (PAK),23
Zahoor Elahi,PAK,6,6,0,215,86,35.83,313,68.69,68.69,0,3,0,1996,Zahoor Elahi (PAK),19
